2026-06-27 00:04:10 [AsyncResolver-bootstrap-executor-0] INFO  com.netflix.discovery.shared.resolver.aws.ConfigClusterResolver - Resolving eureka endpoints via configuration
2026-06-27 00:09:10 [AsyncResolver-bootstrap-executor-0] INFO  com.netflix.discovery.shared.resolver.aws.ConfigClusterResolver - Resolving eureka endpoints via configuration
2026-06-27 00:14:10 [AsyncResolver-bootstrap-executor-0] INFO  com.netflix.discovery.shared.resolver.aws.ConfigClusterResolver - Resolving eureka endpoints via configuration
2026-06-27 00:19:10 [AsyncResolver-bootstrap-executor-0] INFO  com.netflix.discovery.shared.resolver.aws.ConfigClusterResolver - Resolving eureka endpoints via configuration
2026-06-27 00:24:10 [AsyncResolver-bootstrap-executor-0] INFO  com.netflix.discovery.shared.resolver.aws.ConfigClusterResolver - Resolving eureka endpoints via configuration
2026-06-27 00:28:17 [parallel-9] INFO  com.plataforma_lc.apiGateway.setups.GlobalPreFiltering - Global Pre filtering executed
2026-06-27 00:28:17 [parallel-8] INFO  com.plataforma_lc.apiGateway.setups.GlobalPreFiltering - Global Pre filtering executed
2026-06-27 00:28:17 [reactor-http-nio-9] INFO  com.plataforma_lc.apiGateway.setups.GlobalPostFiltering - Global Post filtering executed
2026-06-27 00:28:17 [reactor-http-nio-8] INFO  com.plataforma_lc.apiGateway.setups.GlobalPostFiltering - Global Post filtering executed
2026-06-27 00:29:00 [parallel-3] INFO  com.plataforma_lc.apiGateway.setups.GlobalPreFiltering - Global Pre filtering executed
2026-06-27 00:29:00 [parallel-2] INFO  com.plataforma_lc.apiGateway.setups.GlobalPreFiltering - Global Pre filtering executed
2026-06-27 00:29:01 [reactor-http-nio-11] INFO  com.plataforma_lc.apiGateway.setups.GlobalPostFiltering - Global Post filtering executed
2026-06-27 00:29:01 [reactor-http-nio-10] INFO  com.plataforma_lc.apiGateway.setups.GlobalPostFiltering - Global Post filtering executed
2026-06-27 00:29:03 [parallel-6] INFO  com.plataforma_lc.apiGateway.setups.GlobalPreFiltering - Global Pre filtering executed
2026-06-27 00:29:03 [parallel-8] INFO  com.plataforma_lc.apiGateway.setups.GlobalPreFiltering - Global Pre filtering executed
2026-06-27 00:29:03 [reactor-http-nio-9] INFO  com.plataforma_lc.apiGateway.setups.GlobalPostFiltering - Global Post filtering executed
2026-06-27 00:29:03 [reactor-http-nio-8] INFO  com.plataforma_lc.apiGateway.setups.GlobalPostFiltering - Global Post filtering executed
2026-06-27 00:29:10 [AsyncResolver-bootstrap-executor-0] INFO  com.netflix.discovery.shared.resolver.aws.ConfigClusterResolver - Resolving eureka endpoints via configuration
2026-06-27 00:29:45 [parallel-12] INFO  com.plataforma_lc.apiGateway.setups.GlobalPreFiltering - Global Pre filtering executed
2026-06-27 00:29:45 [reactor-http-nio-8] INFO  com.plataforma_lc.apiGateway.setups.GlobalPostFiltering - Global Post filtering executed
2026-06-27 00:29:45 [parallel-2] INFO  com.plataforma_lc.apiGateway.setups.GlobalPreFiltering - Global Pre filtering executed
2026-06-27 00:29:45 [reactor-http-nio-9] INFO  com.plataforma_lc.apiGateway.setups.GlobalPostFiltering - Global Post filtering executed
2026-06-27 00:29:48 [parallel-3] INFO  com.plataforma_lc.apiGateway.setups.GlobalPreFiltering - Global Pre filtering executed
2026-06-27 00:29:48 [parallel-4] INFO  com.plataforma_lc.apiGateway.setups.GlobalPreFiltering - Global Pre filtering executed
2026-06-27 00:29:48 [reactor-http-nio-10] INFO  com.plataforma_lc.apiGateway.setups.GlobalPostFiltering - Global Post filtering executed
2026-06-27 00:29:48 [reactor-http-nio-11] INFO  com.plataforma_lc.apiGateway.setups.GlobalPostFiltering - Global Post filtering executed
2026-06-27 00:29:52 [parallel-7] INFO  com.plataforma_lc.apiGateway.setups.GlobalPreFiltering - Global Pre filtering executed
2026-06-27 00:29:52 [parallel-6] INFO  com.plataforma_lc.apiGateway.setups.GlobalPreFiltering - Global Pre filtering executed
2026-06-27 00:29:52 [reactor-http-nio-8] INFO  com.plataforma_lc.apiGateway.setups.GlobalPostFiltering - Global Post filtering executed
2026-06-27 00:29:52 [reactor-http-nio-9] INFO  com.plataforma_lc.apiGateway.setups.GlobalPostFiltering - Global Post filtering executed
2026-06-27 00:29:54 [parallel-9] INFO  com.plataforma_lc.apiGateway.setups.GlobalPreFiltering - Global Pre filtering executed
2026-06-27 00:29:54 [parallel-8] INFO  com.plataforma_lc.apiGateway.setups.GlobalPreFiltering - Global Pre filtering executed
2026-06-27 00:29:54 [reactor-http-nio-10] INFO  com.plataforma_lc.apiGateway.setups.GlobalPostFiltering - Global Post filtering executed
2026-06-27 00:29:54 [reactor-http-nio-11] INFO  com.plataforma_lc.apiGateway.setups.GlobalPostFiltering - Global Post filtering executed
2026-06-27 00:30:11 [parallel-11] INFO  com.plataforma_lc.apiGateway.setups.GlobalPreFiltering - Global Pre filtering executed
2026-06-27 00:30:11 [reactor-http-nio-10] INFO  com.plataforma_lc.apiGateway.setups.GlobalPostFiltering - Global Post filtering executed
2026-06-27 00:30:11 [parallel-12] INFO  com.plataforma_lc.apiGateway.setups.GlobalPreFiltering - Global Pre filtering executed
2026-06-27 00:30:11 [reactor-http-nio-11] INFO  com.plataforma_lc.apiGateway.setups.GlobalPostFiltering - Global Post filtering executed
2026-06-27 00:34:10 [AsyncResolver-bootstrap-executor-0] INFO  com.netflix.discovery.shared.resolver.aws.ConfigClusterResolver - Resolving eureka endpoints via configuration
2026-06-27 00:38:51 [main] INFO  com.plataforma_lc.apiGateway.ApiGatewayApplication - Starting ApiGatewayApplication using Java 22.0.2 with PID 27088 (C:\Users\UsuarioCompuElite\Desktop\trabajo_full_3\plataforma_lc_digital\plataforma_lc\sistema_infra\apiGateway\target\classes started by UsuarioCompuElite in C:\Users\UsuarioCompuElite\Desktop\trabajo_full_3\plataforma_lc_digital\plataforma_lc\sistema_infra\apiGateway)
2026-06-27 00:38:51 [main] INFO  com.plataforma_lc.apiGateway.ApiGatewayApplication - No active profile set, falling back to 1 default profile: "default"
2026-06-27 00:38:56 [main] INFO  org.springframework.cloud.context.scope.GenericScope - BeanFactory id=71acad9c-c34f-36e8-8483-960d94edf0cc
2026-06-27 00:38:56 [main] WARN  org.springframework.context.support.PostProcessorRegistrationDelegate$BeanPostProcessorChecker - Bean 'org.springframework.cloud.client.loadbalancer.LoadBalancerAutoConfiguration$LoadBalancerInterceptorConfig' of type [org.springframework.cloud.client.loadbalancer.LoadBalancerAutoConfiguration$LoadBalancerInterceptorConfig] is not eligible for getting processed by all BeanPostProcessors (for example: not eligible for auto-proxying). The currently created BeanPostProcessor [lbRestClientPostProcessor] is declared through a non-static factory method on that class; consider declaring it as static instead.
2026-06-27 00:38:56 [main] WARN  org.springframework.context.support.PostProcessorRegistrationDelegate$BeanPostProcessorChecker - Bean 'org.springframework.cloud.loadbalancer.config.BlockingLoadBalancerClientAutoConfiguration' of type [org.springframework.cloud.loadbalancer.config.BlockingLoadBalancerClientAutoConfiguration] is not eligible for getting processed by all BeanPostProcessors (for example: not eligible for auto-proxying). Is this bean getting eagerly injected into a currently created BeanPostProcessor [lbRestClientPostProcessor]? Check the corresponding BeanPostProcessor declaration and its dependencies.
2026-06-27 00:38:56 [main] WARN  org.springframework.context.support.PostProcessorRegistrationDelegate$BeanPostProcessorChecker - Bean 'org.springframework.cloud.loadbalancer.config.LoadBalancerAutoConfiguration' of type [org.springframework.cloud.loadbalancer.config.LoadBalancerAutoConfiguration] is not eligible for getting processed by all BeanPostProcessors (for example: not eligible for auto-proxying). Is this bean getting eagerly injected into a currently created BeanPostProcessor [lbRestClientPostProcessor]? Check the corresponding BeanPostProcessor declaration and its dependencies.
2026-06-27 00:38:56 [main] WARN  org.springframework.context.support.PostProcessorRegistrationDelegate$BeanPostProcessorChecker - Bean 'org.springframework.cloud.commons.config.CommonsConfigAutoConfiguration' of type [org.springframework.cloud.commons.config.CommonsConfigAutoConfiguration] is not eligible for getting processed by all BeanPostProcessors (for example: not eligible for auto-proxying). Is this bean getting eagerly injected into a currently created BeanPostProcessor [lbRestClientPostProcessor]? Check the corresponding BeanPostProcessor declaration and its dependencies.
2026-06-27 00:38:56 [main] WARN  org.springframework.context.support.PostProcessorRegistrationDelegate$BeanPostProcessorChecker - Bean 'org.springframework.cloud.client.loadbalancer.LoadBalancerDefaultMappingsProviderAutoConfiguration' of type [org.springframework.cloud.client.loadbalancer.LoadBalancerDefaultMappingsProviderAutoConfiguration] is not eligible for getting processed by all BeanPostProcessors (for example: not eligible for auto-proxying). Is this bean getting eagerly injected into a currently created BeanPostProcessor [lbRestClientPostProcessor]? Check the corresponding BeanPostProcessor declaration and its dependencies.
2026-06-27 00:38:56 [main] WARN  org.springframework.context.support.PostProcessorRegistrationDelegate$BeanPostProcessorChecker - Bean 'loadBalancerClientsDefaultsMappingsProvider' of type [org.springframework.cloud.client.loadbalancer.LoadBalancerDefaultMappingsProviderAutoConfiguration$$Lambda/0x0000029159382120] is not eligible for getting processed by all BeanPostProcessors (for example: not eligible for auto-proxying). Is this bean getting eagerly injected into a currently created BeanPostProcessor [lbRestClientPostProcessor]? Check the corresponding BeanPostProcessor declaration and its dependencies.
2026-06-27 00:38:56 [main] WARN  org.springframework.context.support.PostProcessorRegistrationDelegate$BeanPostProcessorChecker - Bean 'defaultsBindHandlerAdvisor' of type [org.springframework.cloud.commons.config.DefaultsBindHandlerAdvisor] is not eligible for getting processed by all BeanPostProcessors (for example: not eligible for auto-proxying). Is this bean getting eagerly injected into a currently created BeanPostProcessor [lbRestClientPostProcessor]? Check the corresponding BeanPostProcessor declaration and its dependencies.
2026-06-27 00:38:56 [main] WARN  org.springframework.context.support.PostProcessorRegistrationDelegate$BeanPostProcessorChecker - Bean 'spring.cloud.loadbalancer-org.springframework.cloud.client.loadbalancer.LoadBalancerClientsProperties' of type [org.springframework.cloud.client.loadbalancer.LoadBalancerClientsProperties] is not eligible for getting processed by all BeanPostProcessors (for example: not eligible for auto-proxying). Is this bean getting eagerly injected into a currently created BeanPostProcessor [lbRestClientPostProcessor]? Check the corresponding BeanPostProcessor declaration and its dependencies.
2026-06-27 00:38:56 [main] WARN  org.springframework.context.support.PostProcessorRegistrationDelegate$BeanPostProcessorChecker - Bean 'default.org.springframework.cloud.loadbalancer.config.LoadBalancerAutoConfiguration.LoadBalancerClientSpecification' of type [org.springframework.cloud.loadbalancer.annotation.LoadBalancerClientSpecification] is not eligible for getting processed by all BeanPostProcessors (for example: not eligible for auto-proxying). Is this bean getting eagerly injected into a currently created BeanPostProcessor [lbRestClientPostProcessor]? Check the corresponding BeanPostProcessor declaration and its dependencies.
2026-06-27 00:38:56 [main] WARN  org.springframework.context.support.PostProcessorRegistrationDelegate$BeanPostProcessorChecker - Bean 'default.org.springframework.cloud.loadbalancer.config.BlockingLoadBalancerClientAutoConfiguration.LoadBalancerClientSpecification' of type [org.springframework.cloud.loadbalancer.annotation.LoadBalancerClientSpecification] is not eligible for getting processed by all BeanPostProcessors (for example: not eligible for auto-proxying). Is this bean getting eagerly injected into a currently created BeanPostProcessor [lbRestClientPostProcessor]? Check the corresponding BeanPostProcessor declaration and its dependencies.
2026-06-27 00:38:56 [main] WARN  org.springframework.context.support.PostProcessorRegistrationDelegate$BeanPostProcessorChecker - Bean 'default.org.springframework.cloud.netflix.eureka.loadbalancer.LoadBalancerEurekaAutoConfiguration.LoadBalancerClientSpecification' of type [org.springframework.cloud.loadbalancer.annotation.LoadBalancerClientSpecification] is not eligible for getting processed by all BeanPostProcessors (for example: not eligible for auto-proxying). Is this bean getting eagerly injected into a currently created BeanPostProcessor [lbRestClientPostProcessor]? Check the corresponding BeanPostProcessor declaration and its dependencies.
2026-06-27 00:38:56 [main] WARN  org.springframework.context.support.PostProcessorRegistrationDelegate$BeanPostProcessorChecker - Bean 'loadBalancerClientFactory' of type [org.springframework.cloud.loadbalancer.support.LoadBalancerClientFactory] is not eligible for getting processed by all BeanPostProcessors (for example: not eligible for auto-proxying). Is this bean getting eagerly injected into a currently created BeanPostProcessor [lbRestClientPostProcessor]? Check the corresponding BeanPostProcessor declaration and its dependencies.
2026-06-27 00:38:56 [main] WARN  org.springframework.context.support.PostProcessorRegistrationDelegate$BeanPostProcessorChecker - Bean 'blockingLoadBalancerClient' of type [org.springframework.cloud.loadbalancer.blocking.client.BlockingLoadBalancerClient] is not eligible for getting processed by all BeanPostProcessors (for example: not eligible for auto-proxying). Is this bean getting eagerly injected into a currently created BeanPostProcessor [lbRestClientPostProcessor]? Check the corresponding BeanPostProcessor declaration and its dependencies.
2026-06-27 00:38:56 [main] WARN  org.springframework.context.support.PostProcessorRegistrationDelegate$BeanPostProcessorChecker - Bean 'loadBalancerServiceInstanceCookieTransformer' of type [org.springframework.cloud.loadbalancer.core.LoadBalancerServiceInstanceCookieTransformer] is not eligible for getting processed by all BeanPostProcessors (for example: not eligible for auto-proxying). Is this bean getting eagerly injected into a currently created BeanPostProcessor [lbRestClientPostProcessor]? Check the corresponding BeanPostProcessor declaration and its dependencies.
2026-06-27 00:38:56 [main] WARN  org.springframework.context.support.PostProcessorRegistrationDelegate$BeanPostProcessorChecker - Bean 'xForwarderHeadersTransformer' of type [org.springframework.cloud.loadbalancer.blocking.XForwardedHeadersTransformer] is not eligible for getting processed by all BeanPostProcessors (for example: not eligible for auto-proxying). Is this bean getting eagerly injected into a currently created BeanPostProcessor [lbRestClientPostProcessor]? Check the corresponding BeanPostProcessor declaration and its dependencies.
2026-06-27 00:38:56 [main] WARN  org.springframework.context.support.PostProcessorRegistrationDelegate$BeanPostProcessorChecker - Bean 'org.springframework.cloud.client.loadbalancer.LoadBalancerAutoConfiguration' of type [org.springframework.cloud.client.loadbalancer.LoadBalancerAutoConfiguration] is not eligible for getting processed by all BeanPostProcessors (for example: not eligible for auto-proxying). Is this bean getting eagerly injected into a currently created BeanPostProcessor [lbRestClientPostProcessor]? Check the corresponding BeanPostProcessor declaration and its dependencies.
2026-06-27 00:38:56 [main] WARN  org.springframework.context.support.PostProcessorRegistrationDelegate$BeanPostProcessorChecker - Bean 'loadBalancerRequestFactory' of type [org.springframework.cloud.client.loadbalancer.LoadBalancerRequestFactory] is not eligible for getting processed by all BeanPostProcessors (for example: not eligible for auto-proxying). Is this bean getting eagerly injected into a currently created BeanPostProcessor [lbRestClientPostProcessor]? Check the corresponding BeanPostProcessor declaration and its dependencies.
2026-06-27 00:38:56 [main] WARN  org.springframework.context.support.PostProcessorRegistrationDelegate$BeanPostProcessorChecker - Bean 'loadBalancerInterceptor' of type [org.springframework.cloud.client.loadbalancer.LoadBalancerInterceptor] is not eligible for getting processed by all BeanPostProcessors (for example: not eligible for auto-proxying). Is this bean getting eagerly injected into a currently created BeanPostProcessor [lbRestClientPostProcessor]? Check the corresponding BeanPostProcessor declaration and its dependencies.
2026-06-27 00:38:56 [main] WARN  org.springframework.context.support.PostProcessorRegistrationDelegate$BeanPostProcessorChecker - Bean 'org.springframework.cloud.client.loadbalancer.reactive.LoadBalancerBeanPostProcessorAutoConfiguration' of type [org.springframework.cloud.client.loadbalancer.reactive.LoadBalancerBeanPostProcessorAutoConfiguration] is not eligible for getting processed by all BeanPostProcessors (for example: not eligible for auto-proxying). The currently created BeanPostProcessor [loadBalancerWebClientBuilderBeanPostProcessor] is declared through a non-static factory method on that class; consider declaring it as static instead.
2026-06-27 00:38:56 [main] WARN  org.springframework.context.support.PostProcessorRegistrationDelegate$BeanPostProcessorChecker - Bean 'org.springframework.cloud.client.loadbalancer.reactive.LoadBalancerBeanPostProcessorAutoConfiguration$ReactorDeferringLoadBalancerFilterConfig' of type [org.springframework.cloud.client.loadbalancer.reactive.LoadBalancerBeanPostProcessorAutoConfiguration$ReactorDeferringLoadBalancerFilterConfig] is not eligible for getting processed by all BeanPostProcessors (for example: not eligible for auto-proxying). Is this bean getting eagerly injected into a currently created BeanPostProcessor [loadBalancerWebClientBuilderBeanPostProcessor]? Check the corresponding BeanPostProcessor declaration and its dependencies.
2026-06-27 00:38:56 [main] WARN  org.springframework.context.support.PostProcessorRegistrationDelegate$BeanPostProcessorChecker - Bean 'reactorDeferringLoadBalancerExchangeFilterFunction' of type [org.springframework.cloud.client.loadbalancer.reactive.DeferringLoadBalancerExchangeFilterFunction] is not eligible for getting processed by all BeanPostProcessors (for example: not eligible for auto-proxying). Is this bean getting eagerly injected into a currently created BeanPostProcessor [loadBalancerWebClientBuilderBeanPostProcessor]? Check the corresponding BeanPostProcessor declaration and its dependencies.
2026-06-27 00:38:58 [main] INFO  org.springframework.cloud.commons.util.InetUtils - Cannot determine local hostname
2026-06-27 00:38:59 [main] INFO  org.springframework.cloud.gateway.route.RouteDefinitionRouteLocator - Loaded RoutePredicateFactory [After]
2026-06-27 00:38:59 [main] INFO  org.springframework.cloud.gateway.route.RouteDefinitionRouteLocator - Loaded RoutePredicateFactory [Before]
2026-06-27 00:38:59 [main] INFO  org.springframework.cloud.gateway.route.RouteDefinitionRouteLocator - Loaded RoutePredicateFactory [Between]
2026-06-27 00:38:59 [main] INFO  org.springframework.cloud.gateway.route.RouteDefinitionRouteLocator - Loaded RoutePredicateFactory [Cookie]
2026-06-27 00:38:59 [main] INFO  org.springframework.cloud.gateway.route.RouteDefinitionRouteLocator - Loaded RoutePredicateFactory [Header]
2026-06-27 00:38:59 [main] INFO  org.springframework.cloud.gateway.route.RouteDefinitionRouteLocator - Loaded RoutePredicateFactory [Host]
2026-06-27 00:38:59 [main] INFO  org.springframework.cloud.gateway.route.RouteDefinitionRouteLocator - Loaded RoutePredicateFactory [Method]
2026-06-27 00:38:59 [main] INFO  org.springframework.cloud.gateway.route.RouteDefinitionRouteLocator - Loaded RoutePredicateFactory [Path]
2026-06-27 00:38:59 [main] INFO  org.springframework.cloud.gateway.route.RouteDefinitionRouteLocator - Loaded RoutePredicateFactory [Query]
2026-06-27 00:38:59 [main] INFO  org.springframework.cloud.gateway.route.RouteDefinitionRouteLocator - Loaded RoutePredicateFactory [ReadBody]
2026-06-27 00:38:59 [main] INFO  org.springframework.cloud.gateway.route.RouteDefinitionRouteLocator - Loaded RoutePredicateFactory [RemoteAddr]
2026-06-27 00:38:59 [main] INFO  org.springframework.cloud.gateway.route.RouteDefinitionRouteLocator - Loaded RoutePredicateFactory [XForwardedRemoteAddr]
2026-06-27 00:38:59 [main] INFO  org.springframework.cloud.gateway.route.RouteDefinitionRouteLocator - Loaded RoutePredicateFactory [Weight]
2026-06-27 00:38:59 [main] INFO  org.springframework.cloud.gateway.route.RouteDefinitionRouteLocator - Loaded RoutePredicateFactory [CloudFoundryRouteService]
2026-06-27 00:39:01 [main] INFO  org.springframework.cloud.commons.util.InetUtils - Cannot determine local hostname
2026-06-27 00:39:02 [main] INFO  org.springframework.cloud.commons.util.InetUtils - Cannot determine local hostname
2026-06-27 00:39:03 [main] INFO  org.springframework.boot.actuate.endpoint.web.EndpointLinksResolver - Exposing 17 endpoint(s) beneath base path '/actuator'
2026-06-27 00:39:04 [main] INFO  org.springframework.cloud.netflix.eureka.config.DiscoveryClientOptionalArgsConfiguration - Eureka HTTP Client uses RestTemplate.
2026-06-27 00:39:04 [main] WARN  org.springframework.cloud.loadbalancer.config.LoadBalancerCacheAutoConfiguration$LoadBalancerCaffeineWarnLogger - Spring Cloud LoadBalancer is currently working with the default cache. While this cache implementation is useful for development and tests, it's recommended to use Caffeine cache in production.You can switch to using Caffeine cache, by adding it and org.springframework.cache.caffeine.CaffeineCacheManager to the classpath.
2026-06-27 00:39:04 [main] INFO  org.springframework.cloud.netflix.eureka.InstanceInfoFactory - Setting initial instance status as: STARTING
2026-06-27 00:39:04 [main] INFO  com.netflix.discovery.DiscoveryClient - Initializing Eureka in region us-east-1
2026-06-27 00:39:04 [main] INFO  com.netflix.discovery.shared.resolver.aws.ConfigClusterResolver - Resolving eureka endpoints via configuration
2026-06-27 00:39:04 [main] INFO  com.netflix.discovery.DiscoveryClient - Disable delta property : false
2026-06-27 00:39:04 [main] INFO  com.netflix.discovery.DiscoveryClient - Single vip registry refresh property : null
2026-06-27 00:39:04 [main] INFO  com.netflix.discovery.DiscoveryClient - Force full registry fetch : false
2026-06-27 00:39:04 [main] INFO  com.netflix.discovery.DiscoveryClient - Application is null : false
2026-06-27 00:39:04 [main] INFO  com.netflix.discovery.DiscoveryClient - Registered Applications size is zero : true
2026-06-27 00:39:04 [main] INFO  com.netflix.discovery.DiscoveryClient - Application version is -1: true
2026-06-27 00:39:04 [main] INFO  com.netflix.discovery.DiscoveryClient - Getting all instance registry info from the eureka server
2026-06-27 00:39:05 [main] INFO  com.netflix.discovery.shared.transport.decorator.RedirectingEurekaHttpClient - Request execution error. endpoint=DefaultEndpoint{ serviceUrl='http://localhost:8761/eureka/}, exception=I/O error on GET request for "http://localhost:8761/eureka/apps/": Connect to http://localhost:8761 [localhost/127.0.0.1, localhost/0:0:0:0:0:0:0:1] failed: Connection refused: getsockopt stacktrace=org.springframework.web.client.ResourceAccessException: I/O error on GET request for "http://localhost:8761/eureka/apps/": Connect to http://localhost:8761 [localhost/127.0.0.1, localhost/0:0:0:0:0:0:0:1] failed: Connection refused: getsockopt
	at org.springframework.web.client.RestTemplate.createResourceAccessException(RestTemplate.java:915)
	at org.springframework.web.client.RestTemplate.doExecute(RestTemplate.java:895)
	at org.springframework.web.client.RestTemplate.execute(RestTemplate.java:790)
	at org.springframework.web.client.RestTemplate.exchange(RestTemplate.java:672)
	at org.springframework.cloud.netflix.eureka.http.RestTemplateEurekaHttpClient.getApplicationsInternal(RestTemplateEurekaHttpClient.java:145)
	at org.springframework.cloud.netflix.eureka.http.RestTemplateEurekaHttpClient.getApplications(RestTemplateEurekaHttpClient.java:135)
	at com.netflix.discovery.shared.transport.decorator.EurekaHttpClientDecorator$6.execute(EurekaHttpClientDecorator.java:137)
	at com.netflix.discovery.shared.transport.decorator.RedirectingEurekaHttpClient.executeOnNewServer(RedirectingEurekaHttpClient.java:121)
	at com.netflix.discovery.shared.transport.decorator.RedirectingEurekaHttpClient.execute(RedirectingEurekaHttpClient.java:80)
	at com.netflix.discovery.shared.transport.decorator.EurekaHttpClientDecorator.getApplications(EurekaHttpClientDecorator.java:134)
	at com.netflix.discovery.shared.transport.decorator.EurekaHttpClientDecorator$6.execute(EurekaHttpClientDecorator.java:137)
	at com.netflix.discovery.shared.transport.decorator.RetryableEurekaHttpClient.execute(RetryableEurekaHttpClient.java:120)
	at com.netflix.discovery.shared.transport.decorator.EurekaHttpClientDecorator.getApplications(EurekaHttpClientDecorator.java:134)
	at com.netflix.discovery.shared.transport.decorator.EurekaHttpClientDecorator$6.execute(EurekaHttpClientDecorator.java:137)
	at com.netflix.discovery.shared.transport.decorator.SessionedEurekaHttpClient.execute(SessionedEurekaHttpClient.java:77)
	at com.netflix.discovery.shared.transport.decorator.EurekaHttpClientDecorator.getApplications(EurekaHttpClientDecorator.java:134)
	at com.netflix.discovery.DiscoveryClient.getAndStoreFullRegistry(DiscoveryClient.java:1045)
	at com.netflix.discovery.DiscoveryClient.fetchRegistry(DiscoveryClient.java:958)
	at com.netflix.discovery.DiscoveryClient.<init>(DiscoveryClient.java:396)
	at com.netflix.discovery.DiscoveryClient.<init>(DiscoveryClient.java:247)
	at com.netflix.discovery.DiscoveryClient.<init>(DiscoveryClient.java:242)
	at org.springframework.cloud.netflix.eureka.CloudEurekaClient.<init>(CloudEurekaClient.java:68)
	at org.springframework.cloud.netflix.eureka.EurekaClientAutoConfiguration$RefreshableEurekaClientConfiguration.eurekaClient(EurekaClientAutoConfiguration.java:320)
	at java.base/jdk.internal.reflect.DirectMethodHandleAccessor.invoke(DirectMethodHandleAccessor.java:103)
	at java.base/java.lang.reflect.Method.invoke(Method.java:580)
	at org.springframework.beans.factory.support.SimpleInstantiationStrategy.instantiate(SimpleInstantiationStrategy.java:140)
	at org.springframework.beans.factory.support.ConstructorResolver.instantiate(ConstructorResolver.java:644)
	at org.springframework.beans.factory.support.ConstructorResolver.instantiateUsingFactoryMethod(ConstructorResolver.java:636)
	at org.springframework.beans.factory.support.AbstractAutowireCapableBeanFactory.instantiateUsingFactoryMethod(AbstractAutowireCapableBeanFactory.java:1335)
	at org.springframework.beans.factory.support.AbstractAutowireCapableBeanFactory.createBeanInstance(AbstractAutowireCapableBeanFactory.java:1165)
	at org.springframework.beans.factory.support.AbstractAutowireCapableBeanFactory.doCreateBean(AbstractAutowireCapableBeanFactory.java:562)
	at org.springframework.beans.factory.support.AbstractAutowireCapableBeanFactory.createBean(AbstractAutowireCapableBeanFactory.java:522)
	at org.springframework.beans.factory.support.AbstractBeanFactory.lambda$doGetBean$1(AbstractBeanFactory.java:365)
	at org.springframework.cloud.context.scope.GenericScope$BeanLifecycleWrapper.getBean(GenericScope.java:375)
	at org.springframework.cloud.context.scope.GenericScope.get(GenericScope.java:179)
	at org.springframework.beans.factory.support.AbstractBeanFactory.doGetBean(AbstractBeanFactory.java:362)
	at org.springframework.beans.factory.support.AbstractBeanFactory.getBean(AbstractBeanFactory.java:200)
	at org.springframework.aop.target.SimpleBeanTargetSource.getTarget(SimpleBeanTargetSource.java:35)
	at org.springframework.cloud.netflix.eureka.serviceregistry.EurekaRegistration.getTargetObject(EurekaRegistration.java:128)
	at org.springframework.cloud.netflix.eureka.serviceregistry.EurekaRegistration.getEurekaClient(EurekaRegistration.java:116)
	at java.base/jdk.internal.reflect.DirectMethodHandleAccessor.invoke(DirectMethodHandleAccessor.java:103)
	at java.base/java.lang.reflect.Method.invoke(Method.java:580)
	at org.springframework.util.ReflectionUtils.invokeMethod(ReflectionUtils.java:281)
	at org.springframework.cloud.context.scope.GenericScope$LockedScopedProxyFactoryBean.invoke(GenericScope.java:482)
	at org.springframework.aop.framework.ReflectiveMethodInvocation.proceed(ReflectiveMethodInvocation.java:184)
	at org.springframework.aop.framework.CglibAopProxy$CglibMethodInvocation.proceed(CglibAopProxy.java:768)
	at org.springframework.aop.framework.CglibAopProxy$DynamicAdvisedInterceptor.intercept(CglibAopProxy.java:720)
	at org.springframework.cloud.netflix.eureka.serviceregistry.EurekaRegistration$$SpringCGLIB$$0.getEurekaClient(<generated>)
	at org.springframework.cloud.netflix.eureka.serviceregistry.EurekaServiceRegistry.maybeInitializeClient(EurekaServiceRegistry.java:54)
	at org.springframework.cloud.netflix.eureka.serviceregistry.EurekaServiceRegistry.register(EurekaServiceRegistry.java:38)
	at org.springframework.cloud.netflix.eureka.serviceregistry.EurekaAutoServiceRegistration.start(EurekaAutoServiceRegistration.java:83)
	at org.springframework.context.support.DefaultLifecycleProcessor.doStart(DefaultLifecycleProcessor.java:288)
	at org.springframework.context.support.DefaultLifecycleProcessor$LifecycleGroup.start(DefaultLifecycleProcessor.java:471)
	at java.base/java.lang.Iterable.forEach(Iterable.java:75)
	at org.springframework.context.support.DefaultLifecycleProcessor.startBeans(DefaultLifecycleProcessor.java:260)
	at org.springframework.context.support.DefaultLifecycleProcessor.onRefresh(DefaultLifecycleProcessor.java:205)
	at org.springframework.context.support.AbstractApplicationContext.finishRefresh(AbstractApplicationContext.java:981)
	at org.springframework.context.support.AbstractApplicationContext.refresh(AbstractApplicationContext.java:627)
	at org.springframework.boot.web.reactive.context.ReactiveWebServerApplicationContext.refresh(ReactiveWebServerApplicationContext.java:66)
	at org.springframework.boot.SpringApplication.refresh(SpringApplication.java:754)
	at org.springframework.boot.SpringApplication.refreshContext(SpringApplication.java:456)
	at org.springframework.boot.SpringApplication.run(SpringApplication.java:334)
	at org.springframework.boot.SpringApplication.run(SpringApplication.java:1354)
	at org.springframework.boot.SpringApplication.run(SpringApplication.java:1343)
	at com.plataforma_lc.apiGateway.ApiGatewayApplication.main(ApiGatewayApplication.java:12)
Caused by: org.apache.hc.client5.http.HttpHostConnectException: Connect to http://localhost:8761 [localhost/127.0.0.1, localhost/0:0:0:0:0:0:0:1] failed: Connection refused: getsockopt
	at java.base/sun.nio.ch.Net.pollConnect(Native Method)
	at java.base/sun.nio.ch.Net.pollConnectNow(Net.java:682)
	at java.base/sun.nio.ch.NioSocketImpl.timedFinishConnect(NioSocketImpl.java:542)
	at java.base/sun.nio.ch.NioSocketImpl.connect(NioSocketImpl.java:592)
	at java.base/java.net.SocksSocketImpl.connect(SocksSocketImpl.java:327)
	at java.base/java.net.Socket.connect(Socket.java:752)
	at org.apache.hc.client5.http.socket.PlainConnectionSocketFactory.lambda$connectSocket$0(PlainConnectionSocketFactory.java:91)
	at java.base/java.security.AccessController.doPrivileged(AccessController.java:571)
	at org.apache.hc.client5.http.socket.PlainConnectionSocketFactory.connectSocket(PlainConnectionSocketFactory.java:90)
	at org.apache.hc.client5.http.socket.ConnectionSocketFactory.connectSocket(ConnectionSocketFactory.java:123)
	at org.apache.hc.client5.http.impl.io.DefaultHttpClientConnectionOperator.connect(DefaultHttpClientConnectionOperator.java:184)
	at org.apache.hc.client5.http.impl.io.PoolingHttpClientConnectionManager.connect(PoolingHttpClientConnectionManager.java:447)
	at org.apache.hc.client5.http.impl.classic.InternalExecRuntime.connectEndpoint(InternalExecRuntime.java:162)
	at org.apache.hc.client5.http.impl.classic.InternalExecRuntime.connectEndpoint(InternalExecRuntime.java:172)
	at org.apache.hc.client5.http.impl.classic.ConnectExec.execute(ConnectExec.java:142)
	at org.apache.hc.client5.http.impl.classic.ExecChainElement.execute(ExecChainElement.java:51)
	at org.apache.hc.client5.http.impl.classic.ProtocolExec.execute(ProtocolExec.java:192)
	at org.apache.hc.client5.http.impl.classic.ExecChainElement.execute(ExecChainElement.java:51)
	at org.apache.hc.client5.http.impl.classic.HttpRequestRetryExec.execute(HttpRequestRetryExec.java:96)
	at org.apache.hc.client5.http.impl.classic.ExecChainElement.execute(ExecChainElement.java:51)
	at org.apache.hc.client5.http.impl.classic.ContentCompressionExec.execute(ContentCompressionExec.java:152)
	at org.apache.hc.client5.http.impl.classic.ExecChainElement.execute(ExecChainElement.java:51)
	at org.apache.hc.client5.http.impl.classic.RedirectExec.execute(RedirectExec.java:115)
	at org.apache.hc.client5.http.impl.classic.ExecChainElement.execute(ExecChainElement.java:51)
	at org.apache.hc.client5.http.impl.classic.InternalHttpClient.doExecute(InternalHttpClient.java:170)
	at org.apache.hc.client5.http.impl.classic.CloseableHttpClient.execute(CloseableHttpClient.java:87)
	at org.apache.hc.client5.http.impl.classic.CloseableHttpClient.execute(CloseableHttpClient.java:55)
	at org.apache.hc.client5.http.classic.HttpClient.executeOpen(HttpClient.java:183)
	at org.springframework.http.client.HttpComponentsClientHttpRequest.executeInternal(HttpComponentsClientHttpRequest.java:95)
	at org.springframework.http.client.AbstractStreamingClientHttpRequest.executeInternal(AbstractStreamingClientHttpRequest.java:70)
	at org.springframework.http.client.AbstractClientHttpRequest.execute(AbstractClientHttpRequest.java:66)
	at org.springframework.http.client.InterceptingClientHttpRequest$InterceptingRequestExecution.execute(InterceptingClientHttpRequest.java:112)
	at org.springframework.cloud.netflix.eureka.http.RestTemplateTransportClientFactory.lambda$restTemplate$0(RestTemplateTransportClientFactory.java:143)
	at org.springframework.http.client.InterceptingClientHttpRequest$InterceptingRequestExecution.execute(InterceptingClientHttpRequest.java:88)
	at org.springframework.http.client.InterceptingClientHttpRequest.executeInternal(InterceptingClientHttpRequest.java:72)
	at org.springframework.http.client.AbstractBufferingClientHttpRequest.executeInternal(AbstractBufferingClientHttpRequest.java:48)
	at org.springframework.http.client.AbstractClientHttpRequest.execute(AbstractClientHttpRequest.java:66)
	at org.springframework.web.client.RestTemplate.doExecute(RestTemplate.java:889)
	... 63 more

2026-06-27 00:39:05 [main] WARN  com.netflix.discovery.shared.transport.decorator.RetryableEurekaHttpClient - Request execution failed with message: I/O error on GET request for "http://localhost:8761/eureka/apps/": Connect to http://localhost:8761 [localhost/127.0.0.1, localhost/0:0:0:0:0:0:0:1] failed: Connection refused: getsockopt
2026-06-27 00:39:05 [main] INFO  com.netflix.discovery.DiscoveryClient - DiscoveryClient_APIGATEWAY/localhost:apiGateway:8085 - was unable to refresh its cache! This periodic background refresh will be retried in 5 seconds. status = Cannot execute request on any known server stacktrace = com.netflix.discovery.shared.transport.TransportException: Cannot execute request on any known server
	at com.netflix.discovery.shared.transport.decorator.RetryableEurekaHttpClient.execute(RetryableEurekaHttpClient.java:112)
	at com.netflix.discovery.shared.transport.decorator.EurekaHttpClientDecorator.getApplications(EurekaHttpClientDecorator.java:134)
	at com.netflix.discovery.shared.transport.decorator.EurekaHttpClientDecorator$6.execute(EurekaHttpClientDecorator.java:137)
	at com.netflix.discovery.shared.transport.decorator.SessionedEurekaHttpClient.execute(SessionedEurekaHttpClient.java:77)
	at com.netflix.discovery.shared.transport.decorator.EurekaHttpClientDecorator.getApplications(EurekaHttpClientDecorator.java:134)
	at com.netflix.discovery.DiscoveryClient.getAndStoreFullRegistry(DiscoveryClient.java:1045)
	at com.netflix.discovery.DiscoveryClient.fetchRegistry(DiscoveryClient.java:958)
	at com.netflix.discovery.DiscoveryClient.<init>(DiscoveryClient.java:396)
	at com.netflix.discovery.DiscoveryClient.<init>(DiscoveryClient.java:247)
	at com.netflix.discovery.DiscoveryClient.<init>(DiscoveryClient.java:242)
	at org.springframework.cloud.netflix.eureka.CloudEurekaClient.<init>(CloudEurekaClient.java:68)
	at org.springframework.cloud.netflix.eureka.EurekaClientAutoConfiguration$RefreshableEurekaClientConfiguration.eurekaClient(EurekaClientAutoConfiguration.java:320)
	at java.base/jdk.internal.reflect.DirectMethodHandleAccessor.invoke(DirectMethodHandleAccessor.java:103)
	at java.base/java.lang.reflect.Method.invoke(Method.java:580)
	at org.springframework.beans.factory.support.SimpleInstantiationStrategy.instantiate(SimpleInstantiationStrategy.java:140)
	at org.springframework.beans.factory.support.ConstructorResolver.instantiate(ConstructorResolver.java:644)
	at org.springframework.beans.factory.support.ConstructorResolver.instantiateUsingFactoryMethod(ConstructorResolver.java:636)
	at org.springframework.beans.factory.support.AbstractAutowireCapableBeanFactory.instantiateUsingFactoryMethod(AbstractAutowireCapableBeanFactory.java:1335)
	at org.springframework.beans.factory.support.AbstractAutowireCapableBeanFactory.createBeanInstance(AbstractAutowireCapableBeanFactory.java:1165)
	at org.springframework.beans.factory.support.AbstractAutowireCapableBeanFactory.doCreateBean(AbstractAutowireCapableBeanFactory.java:562)
	at org.springframework.beans.factory.support.AbstractAutowireCapableBeanFactory.createBean(AbstractAutowireCapableBeanFactory.java:522)
	at org.springframework.beans.factory.support.AbstractBeanFactory.lambda$doGetBean$1(AbstractBeanFactory.java:365)
	at org.springframework.cloud.context.scope.GenericScope$BeanLifecycleWrapper.getBean(GenericScope.java:375)
	at org.springframework.cloud.context.scope.GenericScope.get(GenericScope.java:179)
	at org.springframework.beans.factory.support.AbstractBeanFactory.doGetBean(AbstractBeanFactory.java:362)
	at org.springframework.beans.factory.support.AbstractBeanFactory.getBean(AbstractBeanFactory.java:200)
	at org.springframework.aop.target.SimpleBeanTargetSource.getTarget(SimpleBeanTargetSource.java:35)
	at org.springframework.cloud.netflix.eureka.serviceregistry.EurekaRegistration.getTargetObject(EurekaRegistration.java:128)
	at org.springframework.cloud.netflix.eureka.serviceregistry.EurekaRegistration.getEurekaClient(EurekaRegistration.java:116)
	at java.base/jdk.internal.reflect.DirectMethodHandleAccessor.invoke(DirectMethodHandleAccessor.java:103)
	at java.base/java.lang.reflect.Method.invoke(Method.java:580)
	at org.springframework.util.ReflectionUtils.invokeMethod(ReflectionUtils.java:281)
	at org.springframework.cloud.context.scope.GenericScope$LockedScopedProxyFactoryBean.invoke(GenericScope.java:482)
	at org.springframework.aop.framework.ReflectiveMethodInvocation.proceed(ReflectiveMethodInvocation.java:184)
	at org.springframework.aop.framework.CglibAopProxy$CglibMethodInvocation.proceed(CglibAopProxy.java:768)
	at org.springframework.aop.framework.CglibAopProxy$DynamicAdvisedInterceptor.intercept(CglibAopProxy.java:720)
	at org.springframework.cloud.netflix.eureka.serviceregistry.EurekaRegistration$$SpringCGLIB$$0.getEurekaClient(<generated>)
	at org.springframework.cloud.netflix.eureka.serviceregistry.EurekaServiceRegistry.maybeInitializeClient(EurekaServiceRegistry.java:54)
	at org.springframework.cloud.netflix.eureka.serviceregistry.EurekaServiceRegistry.register(EurekaServiceRegistry.java:38)
	at org.springframework.cloud.netflix.eureka.serviceregistry.EurekaAutoServiceRegistration.start(EurekaAutoServiceRegistration.java:83)
	at org.springframework.context.support.DefaultLifecycleProcessor.doStart(DefaultLifecycleProcessor.java:288)
	at org.springframework.context.support.DefaultLifecycleProcessor$LifecycleGroup.start(DefaultLifecycleProcessor.java:471)
	at java.base/java.lang.Iterable.forEach(Iterable.java:75)
	at org.springframework.context.support.DefaultLifecycleProcessor.startBeans(DefaultLifecycleProcessor.java:260)
	at org.springframework.context.support.DefaultLifecycleProcessor.onRefresh(DefaultLifecycleProcessor.java:205)
	at org.springframework.context.support.AbstractApplicationContext.finishRefresh(AbstractApplicationContext.java:981)
	at org.springframework.context.support.AbstractApplicationContext.refresh(AbstractApplicationContext.java:627)
	at org.springframework.boot.web.reactive.context.ReactiveWebServerApplicationContext.refresh(ReactiveWebServerApplicationContext.java:66)
	at org.springframework.boot.SpringApplication.refresh(SpringApplication.java:754)
	at org.springframework.boot.SpringApplication.refreshContext(SpringApplication.java:456)
	at org.springframework.boot.SpringApplication.run(SpringApplication.java:334)
	at org.springframework.boot.SpringApplication.run(SpringApplication.java:1354)
	at org.springframework.boot.SpringApplication.run(SpringApplication.java:1343)
	at com.plataforma_lc.apiGateway.ApiGatewayApplication.main(ApiGatewayApplication.java:12)

2026-06-27 00:39:05 [main] INFO  com.netflix.discovery.DiscoveryClient - Initial registry fetch from primary servers failed
2026-06-27 00:39:05 [main] WARN  com.netflix.discovery.DiscoveryClient - Using default backup registry implementation which does not do anything.
2026-06-27 00:39:05 [main] INFO  com.netflix.discovery.DiscoveryClient - Initial registry fetch from backup servers failed
2026-06-27 00:39:05 [main] INFO  com.netflix.discovery.DiscoveryClient - Starting heartbeat executor: renew interval is: 30
2026-06-27 00:39:05 [main] INFO  com.netflix.discovery.InstanceInfoReplicator - InstanceInfoReplicator onDemand update allowed rate per min is 4
2026-06-27 00:39:05 [main] INFO  com.netflix.discovery.DiscoveryClient - Discovery Client initialized at timestamp 1782535145726 with initial instances count: 0
2026-06-27 00:39:05 [main] INFO  org.springframework.cloud.netflix.eureka.serviceregistry.EurekaServiceRegistry - Registering application APIGATEWAY with eureka with status UP
2026-06-27 00:39:05 [main] INFO  com.netflix.discovery.DiscoveryClient - Saw local status change event StatusChangeEvent [timestamp=1782535145736, current=UP, previous=STARTING]
2026-06-27 00:39:05 [DiscoveryClient-InstanceInfoReplicator-0] INFO  com.netflix.discovery.DiscoveryClient - DiscoveryClient_APIGATEWAY/localhost:apiGateway:8085: registering service...
2026-06-27 00:39:05 [DiscoveryClient-InstanceInfoReplicator-0] INFO  com.netflix.discovery.shared.transport.decorator.RedirectingEurekaHttpClient - Request execution error. endpoint=DefaultEndpoint{ serviceUrl='http://localhost:8761/eureka/}, exception=I/O error on POST request for "http://localhost:8761/eureka/apps/APIGATEWAY": Connect to http://localhost:8761 [localhost/127.0.0.1, localhost/0:0:0:0:0:0:0:1] failed: Connection refused: getsockopt stacktrace=org.springframework.web.client.ResourceAccessException: I/O error on POST request for "http://localhost:8761/eureka/apps/APIGATEWAY": Connect to http://localhost:8761 [localhost/127.0.0.1, localhost/0:0:0:0:0:0:0:1] failed: Connection refused: getsockopt
	at org.springframework.web.client.RestTemplate.createResourceAccessException(RestTemplate.java:915)
	at org.springframework.web.client.RestTemplate.doExecute(RestTemplate.java:895)
	at org.springframework.web.client.RestTemplate.execute(RestTemplate.java:790)
	at org.springframework.web.client.RestTemplate.exchange(RestTemplate.java:672)
	at org.springframework.cloud.netflix.eureka.http.RestTemplateEurekaHttpClient.register(RestTemplateEurekaHttpClient.java:77)
	at com.netflix.discovery.shared.transport.decorator.EurekaHttpClientDecorator$1.execute(EurekaHttpClientDecorator.java:59)
	at com.netflix.discovery.shared.transport.decorator.RedirectingEurekaHttpClient.executeOnNewServer(RedirectingEurekaHttpClient.java:121)
	at com.netflix.discovery.shared.transport.decorator.RedirectingEurekaHttpClient.execute(RedirectingEurekaHttpClient.java:80)
	at com.netflix.discovery.shared.transport.decorator.EurekaHttpClientDecorator.register(EurekaHttpClientDecorator.java:56)
	at com.netflix.discovery.shared.transport.decorator.EurekaHttpClientDecorator$1.execute(EurekaHttpClientDecorator.java:59)
	at com.netflix.discovery.shared.transport.decorator.RetryableEurekaHttpClient.execute(RetryableEurekaHttpClient.java:120)
	at com.netflix.discovery.shared.transport.decorator.EurekaHttpClientDecorator.register(EurekaHttpClientDecorator.java:56)
	at com.netflix.discovery.shared.transport.decorator.EurekaHttpClientDecorator$1.execute(EurekaHttpClientDecorator.java:59)
	at com.netflix.discovery.shared.transport.decorator.SessionedEurekaHttpClient.execute(SessionedEurekaHttpClient.java:77)
	at com.netflix.discovery.shared.transport.decorator.EurekaHttpClientDecorator.register(EurekaHttpClientDecorator.java:56)
	at com.netflix.discovery.DiscoveryClient.register(DiscoveryClient.java:820)
	at com.netflix.discovery.InstanceInfoReplicator.run(InstanceInfoReplicator.java:121)
	at com.netflix.discovery.InstanceInfoReplicator$1.run(InstanceInfoReplicator.java:101)
	at java.base/java.util.concurrent.Executors$RunnableAdapter.call(Executors.java:572)
	at java.base/java.util.concurrent.FutureTask.run(FutureTask.java:317)
	at java.base/java.util.concurrent.ScheduledThreadPoolExecutor$ScheduledFutureTask.run(ScheduledThreadPoolExecutor.java:304)
	at java.base/java.util.concurrent.ThreadPoolExecutor.runWorker(ThreadPoolExecutor.java:1144)
	at java.base/java.util.concurrent.ThreadPoolExecutor$Worker.run(ThreadPoolExecutor.java:642)
	at java.base/java.lang.Thread.run(Thread.java:1570)
Caused by: org.apache.hc.client5.http.HttpHostConnectException: Connect to http://localhost:8761 [localhost/127.0.0.1, localhost/0:0:0:0:0:0:0:1] failed: Connection refused: getsockopt
	at java.base/sun.nio.ch.Net.pollConnect(Native Method)
	at java.base/sun.nio.ch.Net.pollConnectNow(Net.java:682)
	at java.base/sun.nio.ch.NioSocketImpl.timedFinishConnect(NioSocketImpl.java:542)
	at java.base/sun.nio.ch.NioSocketImpl.connect(NioSocketImpl.java:592)
	at java.base/java.net.SocksSocketImpl.connect(SocksSocketImpl.java:327)
	at java.base/java.net.Socket.connect(Socket.java:752)
	at org.apache.hc.client5.http.socket.PlainConnectionSocketFactory.lambda$connectSocket$0(PlainConnectionSocketFactory.java:91)
	at java.base/java.security.AccessController.doPrivileged(AccessController.java:571)
	at org.apache.hc.client5.http.socket.PlainConnectionSocketFactory.connectSocket(PlainConnectionSocketFactory.java:90)
	at org.apache.hc.client5.http.socket.ConnectionSocketFactory.connectSocket(ConnectionSocketFactory.java:123)
	at org.apache.hc.client5.http.impl.io.DefaultHttpClientConnectionOperator.connect(DefaultHttpClientConnectionOperator.java:184)
	at org.apache.hc.client5.http.impl.io.PoolingHttpClientConnectionManager.connect(PoolingHttpClientConnectionManager.java:447)
	at org.apache.hc.client5.http.impl.classic.InternalExecRuntime.connectEndpoint(InternalExecRuntime.java:162)
	at org.apache.hc.client5.http.impl.classic.InternalExecRuntime.connectEndpoint(InternalExecRuntime.java:172)
	at org.apache.hc.client5.http.impl.classic.ConnectExec.execute(ConnectExec.java:142)
	at org.apache.hc.client5.http.impl.classic.ExecChainElement.execute(ExecChainElement.java:51)
	at org.apache.hc.client5.http.impl.classic.ProtocolExec.execute(ProtocolExec.java:192)
	at org.apache.hc.client5.http.impl.classic.ExecChainElement.execute(ExecChainElement.java:51)
	at org.apache.hc.client5.http.impl.classic.HttpRequestRetryExec.execute(HttpRequestRetryExec.java:96)
	at org.apache.hc.client5.http.impl.classic.ExecChainElement.execute(ExecChainElement.java:51)
	at org.apache.hc.client5.http.impl.classic.ContentCompressionExec.execute(ContentCompressionExec.java:152)
	at org.apache.hc.client5.http.impl.classic.ExecChainElement.execute(ExecChainElement.java:51)
	at org.apache.hc.client5.http.impl.classic.RedirectExec.execute(RedirectExec.java:115)
	at org.apache.hc.client5.http.impl.classic.ExecChainElement.execute(ExecChainElement.java:51)
	at org.apache.hc.client5.http.impl.classic.InternalHttpClient.doExecute(InternalHttpClient.java:170)
	at org.apache.hc.client5.http.impl.classic.CloseableHttpClient.execute(CloseableHttpClient.java:87)
	at org.apache.hc.client5.http.impl.classic.CloseableHttpClient.execute(CloseableHttpClient.java:55)
	at org.apache.hc.client5.http.classic.HttpClient.executeOpen(HttpClient.java:183)
	at org.springframework.http.client.HttpComponentsClientHttpRequest.executeInternal(HttpComponentsClientHttpRequest.java:95)
	at org.springframework.http.client.AbstractStreamingClientHttpRequest.executeInternal(AbstractStreamingClientHttpRequest.java:70)
	at org.springframework.http.client.AbstractClientHttpRequest.execute(AbstractClientHttpRequest.java:66)
	at org.springframework.http.client.InterceptingClientHttpRequest$InterceptingRequestExecution.execute(InterceptingClientHttpRequest.java:112)
	at org.springframework.cloud.netflix.eureka.http.RestTemplateTransportClientFactory.lambda$restTemplate$0(RestTemplateTransportClientFactory.java:143)
	at org.springframework.http.client.InterceptingClientHttpRequest$InterceptingRequestExecution.execute(InterceptingClientHttpRequest.java:88)
	at org.springframework.http.client.InterceptingClientHttpRequest.executeInternal(InterceptingClientHttpRequest.java:72)
	at org.springframework.http.client.AbstractBufferingClientHttpRequest.executeInternal(AbstractBufferingClientHttpRequest.java:48)
	at org.springframework.http.client.AbstractClientHttpRequest.execute(AbstractClientHttpRequest.java:66)
	at org.springframework.web.client.RestTemplate.doExecute(RestTemplate.java:889)
	... 22 more

2026-06-27 00:39:05 [DiscoveryClient-InstanceInfoReplicator-0] WARN  com.netflix.discovery.shared.transport.decorator.RetryableEurekaHttpClient - Request execution failed with message: I/O error on POST request for "http://localhost:8761/eureka/apps/APIGATEWAY": Connect to http://localhost:8761 [localhost/127.0.0.1, localhost/0:0:0:0:0:0:0:1] failed: Connection refused: getsockopt
2026-06-27 00:39:05 [DiscoveryClient-InstanceInfoReplicator-0] WARN  com.netflix.discovery.DiscoveryClient - DiscoveryClient_APIGATEWAY/localhost:apiGateway:8085 - registration failed Cannot execute request on any known server
com.netflix.discovery.shared.transport.TransportException: Cannot execute request on any known server
	at com.netflix.discovery.shared.transport.decorator.RetryableEurekaHttpClient.execute(RetryableEurekaHttpClient.java:112)
	at com.netflix.discovery.shared.transport.decorator.EurekaHttpClientDecorator.register(EurekaHttpClientDecorator.java:56)
	at com.netflix.discovery.shared.transport.decorator.EurekaHttpClientDecorator$1.execute(EurekaHttpClientDecorator.java:59)
	at com.netflix.discovery.shared.transport.decorator.SessionedEurekaHttpClient.execute(SessionedEurekaHttpClient.java:77)
	at com.netflix.discovery.shared.transport.decorator.EurekaHttpClientDecorator.register(EurekaHttpClientDecorator.java:56)
	at com.netflix.discovery.DiscoveryClient.register(DiscoveryClient.java:820)
	at com.netflix.discovery.InstanceInfoReplicator.run(InstanceInfoReplicator.java:121)
	at com.netflix.discovery.InstanceInfoReplicator$1.run(InstanceInfoReplicator.java:101)
	at java.base/java.util.concurrent.Executors$RunnableAdapter.call(Executors.java:572)
	at java.base/java.util.concurrent.FutureTask.run(FutureTask.java:317)
	at java.base/java.util.concurrent.ScheduledThreadPoolExecutor$ScheduledFutureTask.run(ScheduledThreadPoolExecutor.java:304)
	at java.base/java.util.concurrent.ThreadPoolExecutor.runWorker(ThreadPoolExecutor.java:1144)
	at java.base/java.util.concurrent.ThreadPoolExecutor$Worker.run(ThreadPoolExecutor.java:642)
	at java.base/java.lang.Thread.run(Thread.java:1570)
2026-06-27 00:39:05 [DiscoveryClient-InstanceInfoReplicator-0] WARN  com.netflix.discovery.InstanceInfoReplicator - There was a problem with the instance info replicator
com.netflix.discovery.shared.transport.TransportException: Cannot execute request on any known server
	at com.netflix.discovery.shared.transport.decorator.RetryableEurekaHttpClient.execute(RetryableEurekaHttpClient.java:112)
	at com.netflix.discovery.shared.transport.decorator.EurekaHttpClientDecorator.register(EurekaHttpClientDecorator.java:56)
	at com.netflix.discovery.shared.transport.decorator.EurekaHttpClientDecorator$1.execute(EurekaHttpClientDecorator.java:59)
	at com.netflix.discovery.shared.transport.decorator.SessionedEurekaHttpClient.execute(SessionedEurekaHttpClient.java:77)
	at com.netflix.discovery.shared.transport.decorator.EurekaHttpClientDecorator.register(EurekaHttpClientDecorator.java:56)
	at com.netflix.discovery.DiscoveryClient.register(DiscoveryClient.java:820)
	at com.netflix.discovery.InstanceInfoReplicator.run(InstanceInfoReplicator.java:121)
	at com.netflix.discovery.InstanceInfoReplicator$1.run(InstanceInfoReplicator.java:101)
	at java.base/java.util.concurrent.Executors$RunnableAdapter.call(Executors.java:572)
	at java.base/java.util.concurrent.FutureTask.run(FutureTask.java:317)
	at java.base/java.util.concurrent.ScheduledThreadPoolExecutor$ScheduledFutureTask.run(ScheduledThreadPoolExecutor.java:304)
	at java.base/java.util.concurrent.ThreadPoolExecutor.runWorker(ThreadPoolExecutor.java:1144)
	at java.base/java.util.concurrent.ThreadPoolExecutor$Worker.run(ThreadPoolExecutor.java:642)
	at java.base/java.lang.Thread.run(Thread.java:1570)
2026-06-27 00:39:06 [main] INFO  org.springframework.boot.web.embedded.netty.NettyWebServer - Netty started on port 8085
2026-06-27 00:39:06 [main] INFO  org.springframework.cloud.netflix.eureka.serviceregistry.EurekaAutoServiceRegistration - Updating port to 8085
2026-06-27 00:39:07 [main] INFO  org.springframework.cloud.commons.util.InetUtils - Cannot determine local hostname
2026-06-27 00:39:08 [main] INFO  org.springframework.cloud.commons.util.InetUtils - Cannot determine local hostname
2026-06-27 00:39:08 [main] INFO  com.plataforma_lc.apiGateway.ApiGatewayApplication - Started ApiGatewayApplication in 18.719 seconds (process running for 19.281)
2026-06-27 00:39:10 [DiscoveryClient-CacheRefreshExecutor-0] INFO  com.netflix.discovery.DiscoveryClient - Disable delta property : false
2026-06-27 00:39:10 [DiscoveryClient-CacheRefreshExecutor-0] INFO  com.netflix.discovery.DiscoveryClient - Single vip registry refresh property : null
2026-06-27 00:39:10 [DiscoveryClient-CacheRefreshExecutor-0] INFO  com.netflix.discovery.DiscoveryClient - Force full registry fetch : false
2026-06-27 00:39:10 [DiscoveryClient-CacheRefreshExecutor-0] INFO  com.netflix.discovery.DiscoveryClient - Application is null : false
2026-06-27 00:39:10 [DiscoveryClient-CacheRefreshExecutor-0] INFO  com.netflix.discovery.DiscoveryClient - Registered Applications size is zero : true
2026-06-27 00:39:10 [DiscoveryClient-CacheRefreshExecutor-0] INFO  com.netflix.discovery.DiscoveryClient - Application version is -1: true
2026-06-27 00:39:10 [DiscoveryClient-CacheRefreshExecutor-0] INFO  com.netflix.discovery.DiscoveryClient - Getting all instance registry info from the eureka server
2026-06-27 00:39:10 [DiscoveryClient-CacheRefreshExecutor-0] INFO  com.netflix.discovery.shared.transport.decorator.RedirectingEurekaHttpClient - Request execution error. endpoint=DefaultEndpoint{ serviceUrl='http://localhost:8761/eureka/}, exception=I/O error on GET request for "http://localhost:8761/eureka/apps/": Connect to http://localhost:8761 [localhost/127.0.0.1, localhost/0:0:0:0:0:0:0:1] failed: Connection refused: getsockopt stacktrace=org.springframework.web.client.ResourceAccessException: I/O error on GET request for "http://localhost:8761/eureka/apps/": Connect to http://localhost:8761 [localhost/127.0.0.1, localhost/0:0:0:0:0:0:0:1] failed: Connection refused: getsockopt
	at org.springframework.web.client.RestTemplate.createResourceAccessException(RestTemplate.java:915)
	at org.springframework.web.client.RestTemplate.doExecute(RestTemplate.java:895)
	at org.springframework.web.client.RestTemplate.execute(RestTemplate.java:790)
	at org.springframework.web.client.RestTemplate.exchange(RestTemplate.java:672)
	at org.springframework.cloud.netflix.eureka.http.RestTemplateEurekaHttpClient.getApplicationsInternal(RestTemplateEurekaHttpClient.java:145)
	at org.springframework.cloud.netflix.eureka.http.RestTemplateEurekaHttpClient.getApplications(RestTemplateEurekaHttpClient.java:135)
	at com.netflix.discovery.shared.transport.decorator.EurekaHttpClientDecorator$6.execute(EurekaHttpClientDecorator.java:137)
	at com.netflix.discovery.shared.transport.decorator.RedirectingEurekaHttpClient.executeOnNewServer(RedirectingEurekaHttpClient.java:121)
	at com.netflix.discovery.shared.transport.decorator.RedirectingEurekaHttpClient.execute(RedirectingEurekaHttpClient.java:80)
	at com.netflix.discovery.shared.transport.decorator.EurekaHttpClientDecorator.getApplications(EurekaHttpClientDecorator.java:134)
	at com.netflix.discovery.shared.transport.decorator.EurekaHttpClientDecorator$6.execute(EurekaHttpClientDecorator.java:137)
	at com.netflix.discovery.shared.transport.decorator.RetryableEurekaHttpClient.execute(RetryableEurekaHttpClient.java:120)
	at com.netflix.discovery.shared.transport.decorator.EurekaHttpClientDecorator.getApplications(EurekaHttpClientDecorator.java:134)
	at com.netflix.discovery.shared.transport.decorator.EurekaHttpClientDecorator$6.execute(EurekaHttpClientDecorator.java:137)
	at com.netflix.discovery.shared.transport.decorator.SessionedEurekaHttpClient.execute(SessionedEurekaHttpClient.java:77)
	at com.netflix.discovery.shared.transport.decorator.EurekaHttpClientDecorator.getApplications(EurekaHttpClientDecorator.java:134)
	at com.netflix.discovery.DiscoveryClient.getAndStoreFullRegistry(DiscoveryClient.java:1045)
	at com.netflix.discovery.DiscoveryClient.fetchRegistry(DiscoveryClient.java:958)
	at com.netflix.discovery.DiscoveryClient.refreshRegistry(DiscoveryClient.java:1475)
	at com.netflix.discovery.DiscoveryClient$CacheRefreshThread.run(DiscoveryClient.java:1442)
	at java.base/java.util.concurrent.Executors$RunnableAdapter.call(Executors.java:572)
	at java.base/java.util.concurrent.FutureTask.run(FutureTask.java:317)
	at java.base/java.util.concurrent.ThreadPoolExecutor.runWorker(ThreadPoolExecutor.java:1144)
	at java.base/java.util.concurrent.ThreadPoolExecutor$Worker.run(ThreadPoolExecutor.java:642)
	at java.base/java.lang.Thread.run(Thread.java:1570)
Caused by: org.apache.hc.client5.http.HttpHostConnectException: Connect to http://localhost:8761 [localhost/127.0.0.1, localhost/0:0:0:0:0:0:0:1] failed: Connection refused: getsockopt
	at java.base/sun.nio.ch.Net.pollConnect(Native Method)
	at java.base/sun.nio.ch.Net.pollConnectNow(Net.java:682)
	at java.base/sun.nio.ch.NioSocketImpl.timedFinishConnect(NioSocketImpl.java:542)
	at java.base/sun.nio.ch.NioSocketImpl.connect(NioSocketImpl.java:592)
	at java.base/java.net.SocksSocketImpl.connect(SocksSocketImpl.java:327)
	at java.base/java.net.Socket.connect(Socket.java:752)
	at org.apache.hc.client5.http.socket.PlainConnectionSocketFactory.lambda$connectSocket$0(PlainConnectionSocketFactory.java:91)
	at java.base/java.security.AccessController.doPrivileged(AccessController.java:571)
	at org.apache.hc.client5.http.socket.PlainConnectionSocketFactory.connectSocket(PlainConnectionSocketFactory.java:90)
	at org.apache.hc.client5.http.socket.ConnectionSocketFactory.connectSocket(ConnectionSocketFactory.java:123)
	at org.apache.hc.client5.http.impl.io.DefaultHttpClientConnectionOperator.connect(DefaultHttpClientConnectionOperator.java:184)
	at org.apache.hc.client5.http.impl.io.PoolingHttpClientConnectionManager.connect(PoolingHttpClientConnectionManager.java:447)
	at org.apache.hc.client5.http.impl.classic.InternalExecRuntime.connectEndpoint(InternalExecRuntime.java:162)
	at org.apache.hc.client5.http.impl.classic.InternalExecRuntime.connectEndpoint(InternalExecRuntime.java:172)
	at org.apache.hc.client5.http.impl.classic.ConnectExec.execute(ConnectExec.java:142)
	at org.apache.hc.client5.http.impl.classic.ExecChainElement.execute(ExecChainElement.java:51)
	at org.apache.hc.client5.http.impl.classic.ProtocolExec.execute(ProtocolExec.java:192)
	at org.apache.hc.client5.http.impl.classic.ExecChainElement.execute(ExecChainElement.java:51)
	at org.apache.hc.client5.http.impl.classic.HttpRequestRetryExec.execute(HttpRequestRetryExec.java:96)
	at org.apache.hc.client5.http.impl.classic.ExecChainElement.execute(ExecChainElement.java:51)
	at org.apache.hc.client5.http.impl.classic.ContentCompressionExec.execute(ContentCompressionExec.java:152)
	at org.apache.hc.client5.http.impl.classic.ExecChainElement.execute(ExecChainElement.java:51)
	at org.apache.hc.client5.http.impl.classic.RedirectExec.execute(RedirectExec.java:115)
	at org.apache.hc.client5.http.impl.classic.ExecChainElement.execute(ExecChainElement.java:51)
	at org.apache.hc.client5.http.impl.classic.InternalHttpClient.doExecute(InternalHttpClient.java:170)
	at org.apache.hc.client5.http.impl.classic.CloseableHttpClient.execute(CloseableHttpClient.java:87)
	at org.apache.hc.client5.http.impl.classic.CloseableHttpClient.execute(CloseableHttpClient.java:55)
	at org.apache.hc.client5.http.classic.HttpClient.executeOpen(HttpClient.java:183)
	at org.springframework.http.client.HttpComponentsClientHttpRequest.executeInternal(HttpComponentsClientHttpRequest.java:95)
	at org.springframework.http.client.AbstractStreamingClientHttpRequest.executeInternal(AbstractStreamingClientHttpRequest.java:70)
	at org.springframework.http.client.AbstractClientHttpRequest.execute(AbstractClientHttpRequest.java:66)
	at org.springframework.http.client.InterceptingClientHttpRequest$InterceptingRequestExecution.execute(InterceptingClientHttpRequest.java:112)
	at org.springframework.cloud.netflix.eureka.http.RestTemplateTransportClientFactory.lambda$restTemplate$0(RestTemplateTransportClientFactory.java:143)
	at org.springframework.http.client.InterceptingClientHttpRequest$InterceptingRequestExecution.execute(InterceptingClientHttpRequest.java:88)
	at org.springframework.http.client.InterceptingClientHttpRequest.executeInternal(InterceptingClientHttpRequest.java:72)
	at org.springframework.http.client.AbstractBufferingClientHttpRequest.executeInternal(AbstractBufferingClientHttpRequest.java:48)
	at org.springframework.http.client.AbstractClientHttpRequest.execute(AbstractClientHttpRequest.java:66)
	at org.springframework.web.client.RestTemplate.doExecute(RestTemplate.java:889)
	... 23 more

2026-06-27 00:39:10 [DiscoveryClient-CacheRefreshExecutor-0] WARN  com.netflix.discovery.shared.transport.decorator.RetryableEurekaHttpClient - Request execution failed with message: I/O error on GET request for "http://localhost:8761/eureka/apps/": Connect to http://localhost:8761 [localhost/127.0.0.1, localhost/0:0:0:0:0:0:0:1] failed: Connection refused: getsockopt
2026-06-27 00:39:10 [DiscoveryClient-CacheRefreshExecutor-0] INFO  com.netflix.discovery.DiscoveryClient - DiscoveryClient_APIGATEWAY/localhost:apiGateway:8085 - was unable to refresh its cache! This periodic background refresh will be retried in 5 seconds. status = Cannot execute request on any known server stacktrace = com.netflix.discovery.shared.transport.TransportException: Cannot execute request on any known server
	at com.netflix.discovery.shared.transport.decorator.RetryableEurekaHttpClient.execute(RetryableEurekaHttpClient.java:112)
	at com.netflix.discovery.shared.transport.decorator.EurekaHttpClientDecorator.getApplications(EurekaHttpClientDecorator.java:134)
	at com.netflix.discovery.shared.transport.decorator.EurekaHttpClientDecorator$6.execute(EurekaHttpClientDecorator.java:137)
	at com.netflix.discovery.shared.transport.decorator.SessionedEurekaHttpClient.execute(SessionedEurekaHttpClient.java:77)
	at com.netflix.discovery.shared.transport.decorator.EurekaHttpClientDecorator.getApplications(EurekaHttpClientDecorator.java:134)
	at com.netflix.discovery.DiscoveryClient.getAndStoreFullRegistry(DiscoveryClient.java:1045)
	at com.netflix.discovery.DiscoveryClient.fetchRegistry(DiscoveryClient.java:958)
	at com.netflix.discovery.DiscoveryClient.refreshRegistry(DiscoveryClient.java:1475)
	at com.netflix.discovery.DiscoveryClient$CacheRefreshThread.run(DiscoveryClient.java:1442)
	at java.base/java.util.concurrent.Executors$RunnableAdapter.call(Executors.java:572)
	at java.base/java.util.concurrent.FutureTask.run(FutureTask.java:317)
	at java.base/java.util.concurrent.ThreadPoolExecutor.runWorker(ThreadPoolExecutor.java:1144)
	at java.base/java.util.concurrent.ThreadPoolExecutor$Worker.run(ThreadPoolExecutor.java:642)
	at java.base/java.lang.Thread.run(Thread.java:1570)

2026-06-27 00:39:15 [DiscoveryClient-CacheRefreshExecutor-0] INFO  com.netflix.discovery.DiscoveryClient - Disable delta property : false
2026-06-27 00:39:15 [DiscoveryClient-CacheRefreshExecutor-0] INFO  com.netflix.discovery.DiscoveryClient - Single vip registry refresh property : null
2026-06-27 00:39:15 [DiscoveryClient-CacheRefreshExecutor-0] INFO  com.netflix.discovery.DiscoveryClient - Force full registry fetch : false
2026-06-27 00:39:15 [DiscoveryClient-CacheRefreshExecutor-0] INFO  com.netflix.discovery.DiscoveryClient - Application is null : false
2026-06-27 00:39:15 [DiscoveryClient-CacheRefreshExecutor-0] INFO  com.netflix.discovery.DiscoveryClient - Registered Applications size is zero : true
2026-06-27 00:39:15 [DiscoveryClient-CacheRefreshExecutor-0] INFO  com.netflix.discovery.DiscoveryClient - Application version is -1: true
2026-06-27 00:39:15 [DiscoveryClient-CacheRefreshExecutor-0] INFO  com.netflix.discovery.DiscoveryClient - Getting all instance registry info from the eureka server
2026-06-27 00:39:15 [DiscoveryClient-CacheRefreshExecutor-0] INFO  com.netflix.discovery.shared.transport.decorator.RedirectingEurekaHttpClient - Request execution error. endpoint=DefaultEndpoint{ serviceUrl='http://localhost:8761/eureka/}, exception=I/O error on GET request for "http://localhost:8761/eureka/apps/": Connect to http://localhost:8761 [localhost/127.0.0.1, localhost/0:0:0:0:0:0:0:1] failed: Connection refused: getsockopt stacktrace=org.springframework.web.client.ResourceAccessException: I/O error on GET request for "http://localhost:8761/eureka/apps/": Connect to http://localhost:8761 [localhost/127.0.0.1, localhost/0:0:0:0:0:0:0:1] failed: Connection refused: getsockopt
	at org.springframework.web.client.RestTemplate.createResourceAccessException(RestTemplate.java:915)
	at org.springframework.web.client.RestTemplate.doExecute(RestTemplate.java:895)
	at org.springframework.web.client.RestTemplate.execute(RestTemplate.java:790)
	at org.springframework.web.client.RestTemplate.exchange(RestTemplate.java:672)
	at org.springframework.cloud.netflix.eureka.http.RestTemplateEurekaHttpClient.getApplicationsInternal(RestTemplateEurekaHttpClient.java:145)
	at org.springframework.cloud.netflix.eureka.http.RestTemplateEurekaHttpClient.getApplications(RestTemplateEurekaHttpClient.java:135)
	at com.netflix.discovery.shared.transport.decorator.EurekaHttpClientDecorator$6.execute(EurekaHttpClientDecorator.java:137)
	at com.netflix.discovery.shared.transport.decorator.RedirectingEurekaHttpClient.executeOnNewServer(RedirectingEurekaHttpClient.java:121)
	at com.netflix.discovery.shared.transport.decorator.RedirectingEurekaHttpClient.execute(RedirectingEurekaHttpClient.java:80)
	at com.netflix.discovery.shared.transport.decorator.EurekaHttpClientDecorator.getApplications(EurekaHttpClientDecorator.java:134)
	at com.netflix.discovery.shared.transport.decorator.EurekaHttpClientDecorator$6.execute(EurekaHttpClientDecorator.java:137)
	at com.netflix.discovery.shared.transport.decorator.RetryableEurekaHttpClient.execute(RetryableEurekaHttpClient.java:120)
	at com.netflix.discovery.shared.transport.decorator.EurekaHttpClientDecorator.getApplications(EurekaHttpClientDecorator.java:134)
	at com.netflix.discovery.shared.transport.decorator.EurekaHttpClientDecorator$6.execute(EurekaHttpClientDecorator.java:137)
	at com.netflix.discovery.shared.transport.decorator.SessionedEurekaHttpClient.execute(SessionedEurekaHttpClient.java:77)
	at com.netflix.discovery.shared.transport.decorator.EurekaHttpClientDecorator.getApplications(EurekaHttpClientDecorator.java:134)
	at com.netflix.discovery.DiscoveryClient.getAndStoreFullRegistry(DiscoveryClient.java:1045)
	at com.netflix.discovery.DiscoveryClient.fetchRegistry(DiscoveryClient.java:958)
	at com.netflix.discovery.DiscoveryClient.refreshRegistry(DiscoveryClient.java:1475)
	at com.netflix.discovery.DiscoveryClient$CacheRefreshThread.run(DiscoveryClient.java:1442)
	at java.base/java.util.concurrent.Executors$RunnableAdapter.call(Executors.java:572)
	at java.base/java.util.concurrent.FutureTask.run(FutureTask.java:317)
	at java.base/java.util.concurrent.ThreadPoolExecutor.runWorker(ThreadPoolExecutor.java:1144)
	at java.base/java.util.concurrent.ThreadPoolExecutor$Worker.run(ThreadPoolExecutor.java:642)
	at java.base/java.lang.Thread.run(Thread.java:1570)
Caused by: org.apache.hc.client5.http.HttpHostConnectException: Connect to http://localhost:8761 [localhost/127.0.0.1, localhost/0:0:0:0:0:0:0:1] failed: Connection refused: getsockopt
	at java.base/sun.nio.ch.Net.pollConnect(Native Method)
	at java.base/sun.nio.ch.Net.pollConnectNow(Net.java:682)
	at java.base/sun.nio.ch.NioSocketImpl.timedFinishConnect(NioSocketImpl.java:542)
	at java.base/sun.nio.ch.NioSocketImpl.connect(NioSocketImpl.java:592)
	at java.base/java.net.SocksSocketImpl.connect(SocksSocketImpl.java:327)
	at java.base/java.net.Socket.connect(Socket.java:752)
	at org.apache.hc.client5.http.socket.PlainConnectionSocketFactory.lambda$connectSocket$0(PlainConnectionSocketFactory.java:91)
	at java.base/java.security.AccessController.doPrivileged(AccessController.java:571)
	at org.apache.hc.client5.http.socket.PlainConnectionSocketFactory.connectSocket(PlainConnectionSocketFactory.java:90)
	at org.apache.hc.client5.http.socket.ConnectionSocketFactory.connectSocket(ConnectionSocketFactory.java:123)
	at org.apache.hc.client5.http.impl.io.DefaultHttpClientConnectionOperator.connect(DefaultHttpClientConnectionOperator.java:184)
	at org.apache.hc.client5.http.impl.io.PoolingHttpClientConnectionManager.connect(PoolingHttpClientConnectionManager.java:447)
	at org.apache.hc.client5.http.impl.classic.InternalExecRuntime.connectEndpoint(InternalExecRuntime.java:162)
	at org.apache.hc.client5.http.impl.classic.InternalExecRuntime.connectEndpoint(InternalExecRuntime.java:172)
	at org.apache.hc.client5.http.impl.classic.ConnectExec.execute(ConnectExec.java:142)
	at org.apache.hc.client5.http.impl.classic.ExecChainElement.execute(ExecChainElement.java:51)
	at org.apache.hc.client5.http.impl.classic.ProtocolExec.execute(ProtocolExec.java:192)
	at org.apache.hc.client5.http.impl.classic.ExecChainElement.execute(ExecChainElement.java:51)
	at org.apache.hc.client5.http.impl.classic.HttpRequestRetryExec.execute(HttpRequestRetryExec.java:96)
	at org.apache.hc.client5.http.impl.classic.ExecChainElement.execute(ExecChainElement.java:51)
	at org.apache.hc.client5.http.impl.classic.ContentCompressionExec.execute(ContentCompressionExec.java:152)
	at org.apache.hc.client5.http.impl.classic.ExecChainElement.execute(ExecChainElement.java:51)
	at org.apache.hc.client5.http.impl.classic.RedirectExec.execute(RedirectExec.java:115)
	at org.apache.hc.client5.http.impl.classic.ExecChainElement.execute(ExecChainElement.java:51)
	at org.apache.hc.client5.http.impl.classic.InternalHttpClient.doExecute(InternalHttpClient.java:170)
	at org.apache.hc.client5.http.impl.classic.CloseableHttpClient.execute(CloseableHttpClient.java:87)
	at org.apache.hc.client5.http.impl.classic.CloseableHttpClient.execute(CloseableHttpClient.java:55)
	at org.apache.hc.client5.http.classic.HttpClient.executeOpen(HttpClient.java:183)
	at org.springframework.http.client.HttpComponentsClientHttpRequest.executeInternal(HttpComponentsClientHttpRequest.java:95)
	at org.springframework.http.client.AbstractStreamingClientHttpRequest.executeInternal(AbstractStreamingClientHttpRequest.java:70)
	at org.springframework.http.client.AbstractClientHttpRequest.execute(AbstractClientHttpRequest.java:66)
	at org.springframework.http.client.InterceptingClientHttpRequest$InterceptingRequestExecution.execute(InterceptingClientHttpRequest.java:112)
	at org.springframework.cloud.netflix.eureka.http.RestTemplateTransportClientFactory.lambda$restTemplate$0(RestTemplateTransportClientFactory.java:143)
	at org.springframework.http.client.InterceptingClientHttpRequest$InterceptingRequestExecution.execute(InterceptingClientHttpRequest.java:88)
	at org.springframework.http.client.InterceptingClientHttpRequest.executeInternal(InterceptingClientHttpRequest.java:72)
	at org.springframework.http.client.AbstractBufferingClientHttpRequest.executeInternal(AbstractBufferingClientHttpRequest.java:48)
	at org.springframework.http.client.AbstractClientHttpRequest.execute(AbstractClientHttpRequest.java:66)
	at org.springframework.web.client.RestTemplate.doExecute(RestTemplate.java:889)
	... 23 more

2026-06-27 00:39:15 [DiscoveryClient-CacheRefreshExecutor-0] WARN  com.netflix.discovery.shared.transport.decorator.RetryableEurekaHttpClient - Request execution failed with message: I/O error on GET request for "http://localhost:8761/eureka/apps/": Connect to http://localhost:8761 [localhost/127.0.0.1, localhost/0:0:0:0:0:0:0:1] failed: Connection refused: getsockopt
2026-06-27 00:39:15 [DiscoveryClient-CacheRefreshExecutor-0] INFO  com.netflix.discovery.DiscoveryClient - DiscoveryClient_APIGATEWAY/localhost:apiGateway:8085 - was unable to refresh its cache! This periodic background refresh will be retried in 5 seconds. status = Cannot execute request on any known server stacktrace = com.netflix.discovery.shared.transport.TransportException: Cannot execute request on any known server
	at com.netflix.discovery.shared.transport.decorator.RetryableEurekaHttpClient.execute(RetryableEurekaHttpClient.java:112)
	at com.netflix.discovery.shared.transport.decorator.EurekaHttpClientDecorator.getApplications(EurekaHttpClientDecorator.java:134)
	at com.netflix.discovery.shared.transport.decorator.EurekaHttpClientDecorator$6.execute(EurekaHttpClientDecorator.java:137)
	at com.netflix.discovery.shared.transport.decorator.SessionedEurekaHttpClient.execute(SessionedEurekaHttpClient.java:77)
	at com.netflix.discovery.shared.transport.decorator.EurekaHttpClientDecorator.getApplications(EurekaHttpClientDecorator.java:134)
	at com.netflix.discovery.DiscoveryClient.getAndStoreFullRegistry(DiscoveryClient.java:1045)
	at com.netflix.discovery.DiscoveryClient.fetchRegistry(DiscoveryClient.java:958)
	at com.netflix.discovery.DiscoveryClient.refreshRegistry(DiscoveryClient.java:1475)
	at com.netflix.discovery.DiscoveryClient$CacheRefreshThread.run(DiscoveryClient.java:1442)
	at java.base/java.util.concurrent.Executors$RunnableAdapter.call(Executors.java:572)
	at java.base/java.util.concurrent.FutureTask.run(FutureTask.java:317)
	at java.base/java.util.concurrent.ThreadPoolExecutor.runWorker(ThreadPoolExecutor.java:1144)
	at java.base/java.util.concurrent.ThreadPoolExecutor$Worker.run(ThreadPoolExecutor.java:642)
	at java.base/java.lang.Thread.run(Thread.java:1570)

2026-06-27 00:39:20 [DiscoveryClient-CacheRefreshExecutor-0] INFO  com.netflix.discovery.DiscoveryClient - Disable delta property : false
2026-06-27 00:39:20 [DiscoveryClient-CacheRefreshExecutor-0] INFO  com.netflix.discovery.DiscoveryClient - Single vip registry refresh property : null
2026-06-27 00:39:20 [DiscoveryClient-CacheRefreshExecutor-0] INFO  com.netflix.discovery.DiscoveryClient - Force full registry fetch : false
2026-06-27 00:39:20 [DiscoveryClient-CacheRefreshExecutor-0] INFO  com.netflix.discovery.DiscoveryClient - Application is null : false
2026-06-27 00:39:20 [DiscoveryClient-CacheRefreshExecutor-0] INFO  com.netflix.discovery.DiscoveryClient - Registered Applications size is zero : true
2026-06-27 00:39:20 [DiscoveryClient-CacheRefreshExecutor-0] INFO  com.netflix.discovery.DiscoveryClient - Application version is -1: true
2026-06-27 00:39:20 [DiscoveryClient-CacheRefreshExecutor-0] INFO  com.netflix.discovery.DiscoveryClient - Getting all instance registry info from the eureka server
2026-06-27 00:39:20 [DiscoveryClient-CacheRefreshExecutor-0] INFO  com.netflix.discovery.DiscoveryClient - The response status is 200
2026-06-27 00:39:26 [DiscoveryClient-CacheRefreshExecutor-0] INFO  com.netflix.discovery.DiscoveryClient - Disable delta property : false
2026-06-27 00:39:26 [DiscoveryClient-CacheRefreshExecutor-0] INFO  com.netflix.discovery.DiscoveryClient - Single vip registry refresh property : null
2026-06-27 00:39:26 [DiscoveryClient-CacheRefreshExecutor-0] INFO  com.netflix.discovery.DiscoveryClient - Force full registry fetch : false
2026-06-27 00:39:26 [DiscoveryClient-CacheRefreshExecutor-0] INFO  com.netflix.discovery.DiscoveryClient - Application is null : false
2026-06-27 00:39:26 [DiscoveryClient-CacheRefreshExecutor-0] INFO  com.netflix.discovery.DiscoveryClient - Registered Applications size is zero : true
2026-06-27 00:39:26 [DiscoveryClient-CacheRefreshExecutor-0] INFO  com.netflix.discovery.DiscoveryClient - Application version is -1: false
2026-06-27 00:39:26 [DiscoveryClient-CacheRefreshExecutor-0] INFO  com.netflix.discovery.DiscoveryClient - Getting all instance registry info from the eureka server
2026-06-27 00:39:26 [DiscoveryClient-CacheRefreshExecutor-0] INFO  com.netflix.discovery.DiscoveryClient - The response status is 200
2026-06-27 00:39:31 [DiscoveryClient-CacheRefreshExecutor-0] INFO  com.netflix.discovery.DiscoveryClient - Disable delta property : false
2026-06-27 00:39:31 [DiscoveryClient-CacheRefreshExecutor-0] INFO  com.netflix.discovery.DiscoveryClient - Single vip registry refresh property : null
2026-06-27 00:39:31 [DiscoveryClient-CacheRefreshExecutor-0] INFO  com.netflix.discovery.DiscoveryClient - Force full registry fetch : false
2026-06-27 00:39:31 [DiscoveryClient-CacheRefreshExecutor-0] INFO  com.netflix.discovery.DiscoveryClient - Application is null : false
2026-06-27 00:39:31 [DiscoveryClient-CacheRefreshExecutor-0] INFO  com.netflix.discovery.DiscoveryClient - Registered Applications size is zero : true
2026-06-27 00:39:31 [DiscoveryClient-CacheRefreshExecutor-0] INFO  com.netflix.discovery.DiscoveryClient - Application version is -1: false
2026-06-27 00:39:31 [DiscoveryClient-CacheRefreshExecutor-0] INFO  com.netflix.discovery.DiscoveryClient - Getting all instance registry info from the eureka server
2026-06-27 00:39:31 [DiscoveryClient-CacheRefreshExecutor-0] INFO  com.netflix.discovery.DiscoveryClient - The response status is 200
2026-06-27 00:39:35 [DiscoveryClient-HeartbeatExecutor-0] INFO  com.netflix.discovery.DiscoveryClient - DiscoveryClient_APIGATEWAY/localhost:apiGateway:8085 - Re-registering apps/APIGATEWAY
2026-06-27 00:39:35 [DiscoveryClient-HeartbeatExecutor-0] INFO  com.netflix.discovery.DiscoveryClient - DiscoveryClient_APIGATEWAY/localhost:apiGateway:8085: registering service...
2026-06-27 00:39:35 [DiscoveryClient-HeartbeatExecutor-0] INFO  com.netflix.discovery.DiscoveryClient - DiscoveryClient_APIGATEWAY/localhost:apiGateway:8085 - registration status: 204
2026-06-27 00:40:21 [parallel-2] INFO  com.plataforma_lc.apiGateway.setups.GlobalPreFiltering - Global Pre filtering executed
2026-06-27 00:40:22 [reactor-http-nio-6] INFO  com.plataforma_lc.apiGateway.setups.GlobalPostFiltering - Global Post filtering executed
2026-06-27 00:40:22 [parallel-4] INFO  com.plataforma_lc.apiGateway.setups.GlobalPreFiltering - Global Pre filtering executed
2026-06-27 00:40:23 [reactor-http-nio-6] INFO  com.plataforma_lc.apiGateway.setups.GlobalPostFiltering - Global Post filtering executed
2026-06-27 00:40:24 [parallel-11] INFO  com.plataforma_lc.apiGateway.setups.GlobalPreFiltering - Global Pre filtering executed
2026-06-27 00:40:24 [reactor-http-nio-13] INFO  com.plataforma_lc.apiGateway.setups.GlobalPostFiltering - Global Post filtering executed
2026-06-27 00:40:24 [parallel-13] INFO  com.plataforma_lc.apiGateway.setups.GlobalPreFiltering - Global Pre filtering executed
2026-06-27 00:40:24 [reactor-http-nio-13] INFO  com.plataforma_lc.apiGateway.setups.GlobalPostFiltering - Global Post filtering executed
2026-06-27 00:40:38 [parallel-14] INFO  com.plataforma_lc.apiGateway.setups.GlobalPreFiltering - Global Pre filtering executed
2026-06-27 00:40:38 [reactor-http-nio-13] INFO  com.plataforma_lc.apiGateway.setups.GlobalPostFiltering - Global Post filtering executed
2026-06-27 00:40:38 [parallel-15] INFO  com.plataforma_lc.apiGateway.setups.GlobalPreFiltering - Global Pre filtering executed
2026-06-27 00:40:38 [reactor-http-nio-13] INFO  com.plataforma_lc.apiGateway.setups.GlobalPostFiltering - Global Post filtering executed
2026-06-27 00:40:39 [parallel-1] INFO  com.plataforma_lc.apiGateway.setups.GlobalPreFiltering - Global Pre filtering executed
2026-06-27 00:40:40 [reactor-http-nio-6] INFO  com.plataforma_lc.apiGateway.setups.GlobalPostFiltering - Global Post filtering executed
2026-06-27 00:40:40 [parallel-2] INFO  com.plataforma_lc.apiGateway.setups.GlobalPreFiltering - Global Pre filtering executed
2026-06-27 00:40:40 [reactor-http-nio-6] INFO  com.plataforma_lc.apiGateway.setups.GlobalPostFiltering - Global Post filtering executed
2026-06-27 00:40:41 [parallel-3] INFO  com.plataforma_lc.apiGateway.setups.GlobalPreFiltering - Global Pre filtering executed
2026-06-27 00:40:41 [reactor-http-nio-13] INFO  com.plataforma_lc.apiGateway.setups.GlobalPostFiltering - Global Post filtering executed
2026-06-27 00:40:41 [parallel-4] INFO  com.plataforma_lc.apiGateway.setups.GlobalPreFiltering - Global Pre filtering executed
2026-06-27 00:40:41 [reactor-http-nio-13] INFO  com.plataforma_lc.apiGateway.setups.GlobalPostFiltering - Global Post filtering executed
2026-06-27 00:40:44 [parallel-5] INFO  com.plataforma_lc.apiGateway.setups.GlobalPreFiltering - Global Pre filtering executed
2026-06-27 00:40:44 [reactor-http-nio-6] INFO  com.plataforma_lc.apiGateway.setups.GlobalPostFiltering - Global Post filtering executed
2026-06-27 00:40:44 [parallel-6] INFO  com.plataforma_lc.apiGateway.setups.GlobalPreFiltering - Global Pre filtering executed
2026-06-27 00:40:44 [reactor-http-nio-6] INFO  com.plataforma_lc.apiGateway.setups.GlobalPostFiltering - Global Post filtering executed
2026-06-27 00:40:53 [parallel-7] INFO  com.plataforma_lc.apiGateway.setups.GlobalPreFiltering - Global Pre filtering executed
2026-06-27 00:40:53 [reactor-http-nio-6] INFO  com.plataforma_lc.apiGateway.setups.GlobalPostFiltering - Global Post filtering executed
2026-06-27 00:40:53 [parallel-8] INFO  com.plataforma_lc.apiGateway.setups.GlobalPreFiltering - Global Pre filtering executed
2026-06-27 00:40:53 [reactor-http-nio-6] INFO  com.plataforma_lc.apiGateway.setups.GlobalPostFiltering - Global Post filtering executed
2026-06-27 00:42:06 [parallel-14] INFO  com.plataforma_lc.apiGateway.setups.GlobalPreFiltering - Global Pre filtering executed
2026-06-27 00:42:06 [reactor-http-nio-14] INFO  com.plataforma_lc.apiGateway.setups.GlobalPostFiltering - Global Post filtering executed
2026-06-27 00:42:06 [parallel-16] INFO  com.plataforma_lc.apiGateway.setups.GlobalPreFiltering - Global Pre filtering executed
2026-06-27 00:42:06 [reactor-http-nio-14] INFO  com.plataforma_lc.apiGateway.setups.GlobalPostFiltering - Global Post filtering executed
2026-06-27 00:42:16 [parallel-1] INFO  com.plataforma_lc.apiGateway.setups.GlobalPreFiltering - Global Pre filtering executed
2026-06-27 00:42:16 [reactor-http-nio-14] INFO  com.plataforma_lc.apiGateway.setups.GlobalPostFiltering - Global Post filtering executed
2026-06-27 00:42:16 [parallel-2] INFO  com.plataforma_lc.apiGateway.setups.GlobalPreFiltering - Global Pre filtering executed
2026-06-27 00:42:16 [reactor-http-nio-14] INFO  com.plataforma_lc.apiGateway.setups.GlobalPostFiltering - Global Post filtering executed
2026-06-27 00:42:18 [parallel-3] INFO  com.plataforma_lc.apiGateway.setups.GlobalPreFiltering - Global Pre filtering executed
2026-06-27 00:42:18 [reactor-http-nio-14] INFO  com.plataforma_lc.apiGateway.setups.GlobalPostFiltering - Global Post filtering executed
2026-06-27 00:42:18 [parallel-4] INFO  com.plataforma_lc.apiGateway.setups.GlobalPreFiltering - Global Pre filtering executed
2026-06-27 00:42:18 [parallel-5] INFO  com.plataforma_lc.apiGateway.setups.GlobalPreFiltering - Global Pre filtering executed
2026-06-27 00:42:18 [reactor-http-nio-14] INFO  com.plataforma_lc.apiGateway.setups.GlobalPostFiltering - Global Post filtering executed
2026-06-27 00:42:18 [reactor-http-nio-15] INFO  com.plataforma_lc.apiGateway.setups.GlobalPostFiltering - Global Post filtering executed
2026-06-27 00:42:18 [parallel-7] INFO  com.plataforma_lc.apiGateway.setups.GlobalPreFiltering - Global Pre filtering executed
2026-06-27 00:42:18 [reactor-http-nio-15] INFO  com.plataforma_lc.apiGateway.setups.GlobalPostFiltering - Global Post filtering executed
2026-06-27 00:42:19 [parallel-9] INFO  com.plataforma_lc.apiGateway.setups.GlobalPreFiltering - Global Pre filtering executed
2026-06-27 00:42:19 [parallel-11] INFO  com.plataforma_lc.apiGateway.setups.GlobalPreFiltering - Global Pre filtering executed
2026-06-27 00:42:19 [parallel-10] INFO  com.plataforma_lc.apiGateway.setups.GlobalPreFiltering - Global Pre filtering executed
2026-06-27 00:42:19 [reactor-http-nio-2] INFO  com.plataforma_lc.apiGateway.setups.GlobalPostFiltering - Global Post filtering executed
2026-06-27 00:42:19 [reactor-http-nio-3] INFO  com.plataforma_lc.apiGateway.setups.GlobalPostFiltering - Global Post filtering executed
2026-06-27 00:42:19 [parallel-13] INFO  com.plataforma_lc.apiGateway.setups.GlobalPreFiltering - Global Pre filtering executed
2026-06-27 00:42:19 [parallel-14] INFO  com.plataforma_lc.apiGateway.setups.GlobalPreFiltering - Global Pre filtering executed
2026-06-27 00:42:19 [reactor-http-nio-3] INFO  com.plataforma_lc.apiGateway.setups.GlobalPostFiltering - Global Post filtering executed
2026-06-27 00:42:19 [reactor-http-nio-2] INFO  com.plataforma_lc.apiGateway.setups.GlobalPostFiltering - Global Post filtering executed
2026-06-27 00:42:19 [reactor-http-nio-15] INFO  com.plataforma_lc.apiGateway.setups.GlobalPostFiltering - Global Post filtering executed
2026-06-27 00:42:19 [parallel-15] INFO  com.plataforma_lc.apiGateway.setups.GlobalPreFiltering - Global Pre filtering executed
2026-06-27 00:42:19 [reactor-http-nio-15] INFO  com.plataforma_lc.apiGateway.setups.GlobalPostFiltering - Global Post filtering executed
2026-06-27 00:42:20 [parallel-16] INFO  com.plataforma_lc.apiGateway.setups.GlobalPreFiltering - Global Pre filtering executed
2026-06-27 00:42:20 [reactor-http-nio-14] INFO  com.plataforma_lc.apiGateway.setups.GlobalPostFiltering - Global Post filtering executed
2026-06-27 00:42:20 [parallel-1] INFO  com.plataforma_lc.apiGateway.setups.GlobalPreFiltering - Global Pre filtering executed
2026-06-27 00:42:20 [parallel-2] INFO  com.plataforma_lc.apiGateway.setups.GlobalPreFiltering - Global Pre filtering executed
2026-06-27 00:42:20 [reactor-http-nio-14] INFO  com.plataforma_lc.apiGateway.setups.GlobalPostFiltering - Global Post filtering executed
2026-06-27 00:42:20 [reactor-http-nio-15] INFO  com.plataforma_lc.apiGateway.setups.GlobalPostFiltering - Global Post filtering executed
2026-06-27 00:42:20 [parallel-3] INFO  com.plataforma_lc.apiGateway.setups.GlobalPreFiltering - Global Pre filtering executed
2026-06-27 00:42:20 [reactor-http-nio-15] INFO  com.plataforma_lc.apiGateway.setups.GlobalPostFiltering - Global Post filtering executed
2026-06-27 00:42:21 [parallel-4] INFO  com.plataforma_lc.apiGateway.setups.GlobalPreFiltering - Global Pre filtering executed
2026-06-27 00:42:21 [reactor-http-nio-14] INFO  com.plataforma_lc.apiGateway.setups.GlobalPostFiltering - Global Post filtering executed
2026-06-27 00:42:21 [parallel-5] INFO  com.plataforma_lc.apiGateway.setups.GlobalPreFiltering - Global Pre filtering executed
2026-06-27 00:42:21 [reactor-http-nio-14] INFO  com.plataforma_lc.apiGateway.setups.GlobalPostFiltering - Global Post filtering executed
2026-06-27 00:42:21 [parallel-6] INFO  com.plataforma_lc.apiGateway.setups.GlobalPreFiltering - Global Pre filtering executed
2026-06-27 00:42:21 [reactor-http-nio-14] INFO  com.plataforma_lc.apiGateway.setups.GlobalPostFiltering - Global Post filtering executed
2026-06-27 00:42:21 [parallel-7] INFO  com.plataforma_lc.apiGateway.setups.GlobalPreFiltering - Global Pre filtering executed
2026-06-27 00:42:21 [parallel-8] INFO  com.plataforma_lc.apiGateway.setups.GlobalPreFiltering - Global Pre filtering executed
2026-06-27 00:42:21 [reactor-http-nio-14] INFO  com.plataforma_lc.apiGateway.setups.GlobalPostFiltering - Global Post filtering executed
2026-06-27 00:42:21 [reactor-http-nio-15] INFO  com.plataforma_lc.apiGateway.setups.GlobalPostFiltering - Global Post filtering executed
2026-06-27 00:42:21 [parallel-9] INFO  com.plataforma_lc.apiGateway.setups.GlobalPreFiltering - Global Pre filtering executed
2026-06-27 00:42:22 [reactor-http-nio-15] INFO  com.plataforma_lc.apiGateway.setups.GlobalPostFiltering - Global Post filtering executed
2026-06-27 00:42:22 [parallel-10] INFO  com.plataforma_lc.apiGateway.setups.GlobalPreFiltering - Global Pre filtering executed
2026-06-27 00:42:22 [reactor-http-nio-14] INFO  com.plataforma_lc.apiGateway.setups.GlobalPostFiltering - Global Post filtering executed
2026-06-27 00:42:22 [parallel-11] INFO  com.plataforma_lc.apiGateway.setups.GlobalPreFiltering - Global Pre filtering executed
2026-06-27 00:42:22 [reactor-http-nio-14] INFO  com.plataforma_lc.apiGateway.setups.GlobalPostFiltering - Global Post filtering executed
2026-06-27 00:42:23 [parallel-12] INFO  com.plataforma_lc.apiGateway.setups.GlobalPreFiltering - Global Pre filtering executed
2026-06-27 00:42:23 [reactor-http-nio-14] INFO  com.plataforma_lc.apiGateway.setups.GlobalPostFiltering - Global Post filtering executed
2026-06-27 00:42:23 [parallel-13] INFO  com.plataforma_lc.apiGateway.setups.GlobalPreFiltering - Global Pre filtering executed
2026-06-27 00:42:23 [parallel-14] INFO  com.plataforma_lc.apiGateway.setups.GlobalPreFiltering - Global Pre filtering executed
2026-06-27 00:42:23 [reactor-http-nio-14] INFO  com.plataforma_lc.apiGateway.setups.GlobalPostFiltering - Global Post filtering executed
2026-06-27 00:42:23 [reactor-http-nio-15] INFO  com.plataforma_lc.apiGateway.setups.GlobalPostFiltering - Global Post filtering executed
2026-06-27 00:42:23 [parallel-15] INFO  com.plataforma_lc.apiGateway.setups.GlobalPreFiltering - Global Pre filtering executed
2026-06-27 00:42:24 [reactor-http-nio-15] INFO  com.plataforma_lc.apiGateway.setups.GlobalPostFiltering - Global Post filtering executed
2026-06-27 00:42:25 [parallel-16] INFO  com.plataforma_lc.apiGateway.setups.GlobalPreFiltering - Global Pre filtering executed
2026-06-27 00:42:25 [reactor-http-nio-3] INFO  com.plataforma_lc.apiGateway.setups.GlobalPostFiltering - Global Post filtering executed
2026-06-27 00:42:25 [parallel-1] INFO  com.plataforma_lc.apiGateway.setups.GlobalPreFiltering - Global Pre filtering executed
2026-06-27 00:42:25 [reactor-http-nio-2] INFO  com.plataforma_lc.apiGateway.setups.GlobalPostFiltering - Global Post filtering executed
2026-06-27 00:42:26 [parallel-2] INFO  com.plataforma_lc.apiGateway.setups.GlobalPreFiltering - Global Pre filtering executed
2026-06-27 00:42:26 [reactor-http-nio-14] INFO  com.plataforma_lc.apiGateway.setups.GlobalPostFiltering - Global Post filtering executed
2026-06-27 00:42:26 [parallel-3] INFO  com.plataforma_lc.apiGateway.setups.GlobalPreFiltering - Global Pre filtering executed
2026-06-27 00:42:26 [parallel-4] INFO  com.plataforma_lc.apiGateway.setups.GlobalPreFiltering - Global Pre filtering executed
2026-06-27 00:42:26 [reactor-http-nio-14] INFO  com.plataforma_lc.apiGateway.setups.GlobalPostFiltering - Global Post filtering executed
2026-06-27 00:42:26 [reactor-http-nio-15] INFO  com.plataforma_lc.apiGateway.setups.GlobalPostFiltering - Global Post filtering executed
2026-06-27 00:42:26 [parallel-5] INFO  com.plataforma_lc.apiGateway.setups.GlobalPreFiltering - Global Pre filtering executed
2026-06-27 00:42:26 [reactor-http-nio-15] INFO  com.plataforma_lc.apiGateway.setups.GlobalPostFiltering - Global Post filtering executed
2026-06-27 00:42:26 [parallel-6] INFO  com.plataforma_lc.apiGateway.setups.GlobalPreFiltering - Global Pre filtering executed
2026-06-27 00:42:26 [reactor-http-nio-14] INFO  com.plataforma_lc.apiGateway.setups.GlobalPostFiltering - Global Post filtering executed
2026-06-27 00:42:26 [parallel-7] INFO  com.plataforma_lc.apiGateway.setups.GlobalPreFiltering - Global Pre filtering executed
2026-06-27 00:42:26 [reactor-http-nio-14] INFO  com.plataforma_lc.apiGateway.setups.GlobalPostFiltering - Global Post filtering executed
2026-06-27 00:42:28 [parallel-8] INFO  com.plataforma_lc.apiGateway.setups.GlobalPreFiltering - Global Pre filtering executed
2026-06-27 00:42:28 [reactor-http-nio-14] INFO  com.plataforma_lc.apiGateway.setups.GlobalPostFiltering - Global Post filtering executed
2026-06-27 00:42:28 [parallel-9] INFO  com.plataforma_lc.apiGateway.setups.GlobalPreFiltering - Global Pre filtering executed
2026-06-27 00:42:28 [parallel-10] INFO  com.plataforma_lc.apiGateway.setups.GlobalPreFiltering - Global Pre filtering executed
2026-06-27 00:42:28 [reactor-http-nio-14] INFO  com.plataforma_lc.apiGateway.setups.GlobalPostFiltering - Global Post filtering executed
2026-06-27 00:42:28 [reactor-http-nio-15] INFO  com.plataforma_lc.apiGateway.setups.GlobalPostFiltering - Global Post filtering executed
2026-06-27 00:42:28 [parallel-11] INFO  com.plataforma_lc.apiGateway.setups.GlobalPreFiltering - Global Pre filtering executed
2026-06-27 00:42:28 [reactor-http-nio-15] INFO  com.plataforma_lc.apiGateway.setups.GlobalPostFiltering - Global Post filtering executed
2026-06-27 00:42:30 [parallel-13] INFO  com.plataforma_lc.apiGateway.setups.GlobalPreFiltering - Global Pre filtering executed
2026-06-27 00:42:30 [parallel-12] INFO  com.plataforma_lc.apiGateway.setups.GlobalPreFiltering - Global Pre filtering executed
2026-06-27 00:42:30 [reactor-http-nio-15] INFO  com.plataforma_lc.apiGateway.setups.GlobalPostFiltering - Global Post filtering executed
2026-06-27 00:42:30 [parallel-15] INFO  com.plataforma_lc.apiGateway.setups.GlobalPreFiltering - Global Pre filtering executed
2026-06-27 00:42:30 [reactor-http-nio-15] INFO  com.plataforma_lc.apiGateway.setups.GlobalPostFiltering - Global Post filtering executed
2026-06-27 00:42:30 [reactor-http-nio-5] INFO  com.plataforma_lc.apiGateway.setups.GlobalPostFiltering - Global Post filtering executed
2026-06-27 00:42:30 [parallel-16] INFO  com.plataforma_lc.apiGateway.setups.GlobalPreFiltering - Global Pre filtering executed
2026-06-27 00:42:30 [reactor-http-nio-5] INFO  com.plataforma_lc.apiGateway.setups.GlobalPostFiltering - Global Post filtering executed
2026-06-27 00:42:34 [parallel-1] INFO  com.plataforma_lc.apiGateway.setups.GlobalPreFiltering - Global Pre filtering executed
2026-06-27 00:42:34 [reactor-http-nio-14] INFO  com.plataforma_lc.apiGateway.setups.GlobalPostFiltering - Global Post filtering executed
2026-06-27 00:42:34 [parallel-2] INFO  com.plataforma_lc.apiGateway.setups.GlobalPreFiltering - Global Pre filtering executed
2026-06-27 00:42:34 [reactor-http-nio-14] INFO  com.plataforma_lc.apiGateway.setups.GlobalPostFiltering - Global Post filtering executed
2026-06-27 00:42:40 [parallel-4] INFO  com.plataforma_lc.apiGateway.setups.GlobalPreFiltering - Global Pre filtering executed
2026-06-27 00:42:40 [reactor-http-nio-14] INFO  com.plataforma_lc.apiGateway.setups.GlobalPostFiltering - Global Post filtering executed
2026-06-27 00:42:40 [parallel-5] INFO  com.plataforma_lc.apiGateway.setups.GlobalPreFiltering - Global Pre filtering executed
2026-06-27 00:42:40 [reactor-http-nio-14] INFO  com.plataforma_lc.apiGateway.setups.GlobalPostFiltering - Global Post filtering executed
2026-06-27 00:42:53 [parallel-6] INFO  com.plataforma_lc.apiGateway.setups.GlobalPreFiltering - Global Pre filtering executed
2026-06-27 00:42:53 [reactor-http-nio-14] INFO  com.plataforma_lc.apiGateway.setups.GlobalPostFiltering - Global Post filtering executed
2026-06-27 00:42:53 [parallel-8] INFO  com.plataforma_lc.apiGateway.setups.GlobalPreFiltering - Global Pre filtering executed
2026-06-27 00:42:53 [reactor-http-nio-14] INFO  com.plataforma_lc.apiGateway.setups.GlobalPostFiltering - Global Post filtering executed
2026-06-27 00:42:55 [parallel-9] INFO  com.plataforma_lc.apiGateway.setups.GlobalPreFiltering - Global Pre filtering executed
2026-06-27 00:42:55 [reactor-http-nio-14] INFO  com.plataforma_lc.apiGateway.setups.GlobalPostFiltering - Global Post filtering executed
2026-06-27 00:42:55 [parallel-10] INFO  com.plataforma_lc.apiGateway.setups.GlobalPreFiltering - Global Pre filtering executed
2026-06-27 00:42:55 [reactor-http-nio-14] INFO  com.plataforma_lc.apiGateway.setups.GlobalPostFiltering - Global Post filtering executed
2026-06-27 00:42:55 [parallel-11] INFO  com.plataforma_lc.apiGateway.setups.GlobalPreFiltering - Global Pre filtering executed
2026-06-27 00:42:55 [reactor-http-nio-15] INFO  com.plataforma_lc.apiGateway.setups.GlobalPostFiltering - Global Post filtering executed
2026-06-27 00:42:55 [parallel-13] INFO  com.plataforma_lc.apiGateway.setups.GlobalPreFiltering - Global Pre filtering executed
2026-06-27 00:42:55 [reactor-http-nio-15] INFO  com.plataforma_lc.apiGateway.setups.GlobalPostFiltering - Global Post filtering executed
2026-06-27 00:42:57 [parallel-14] INFO  com.plataforma_lc.apiGateway.setups.GlobalPreFiltering - Global Pre filtering executed
2026-06-27 00:42:57 [parallel-15] INFO  com.plataforma_lc.apiGateway.setups.GlobalPreFiltering - Global Pre filtering executed
2026-06-27 00:42:58 [reactor-http-nio-5] INFO  com.plataforma_lc.apiGateway.setups.GlobalPostFiltering - Global Post filtering executed
2026-06-27 00:42:58 [parallel-16] INFO  com.plataforma_lc.apiGateway.setups.GlobalPreFiltering - Global Pre filtering executed
2026-06-27 00:42:58 [reactor-http-nio-15] INFO  com.plataforma_lc.apiGateway.setups.GlobalPostFiltering - Global Post filtering executed
2026-06-27 00:42:58 [parallel-1] INFO  com.plataforma_lc.apiGateway.setups.GlobalPreFiltering - Global Pre filtering executed
2026-06-27 00:42:58 [reactor-http-nio-5] INFO  com.plataforma_lc.apiGateway.setups.GlobalPostFiltering - Global Post filtering executed
2026-06-27 00:42:58 [reactor-http-nio-15] INFO  com.plataforma_lc.apiGateway.setups.GlobalPostFiltering - Global Post filtering executed
2026-06-27 00:43:07 [parallel-3] INFO  com.plataforma_lc.apiGateway.setups.GlobalPreFiltering - Global Pre filtering executed
2026-06-27 00:43:07 [reactor-http-nio-5] INFO  com.plataforma_lc.apiGateway.setups.GlobalPostFiltering - Global Post filtering executed
2026-06-27 00:43:07 [parallel-5] INFO  com.plataforma_lc.apiGateway.setups.GlobalPreFiltering - Global Pre filtering executed
2026-06-27 00:43:07 [parallel-5] INFO  com.plataforma_lc.apiGateway.setups.GlobalPreFiltering - Global Pre filtering executed
2026-06-27 00:43:07 [reactor-http-nio-5] INFO  com.plataforma_lc.apiGateway.setups.GlobalPostFiltering - Global Post filtering executed
2026-06-27 00:43:07 [reactor-http-nio-15] INFO  com.plataforma_lc.apiGateway.setups.GlobalPostFiltering - Global Post filtering executed
2026-06-27 00:43:11 [parallel-6] INFO  com.plataforma_lc.apiGateway.setups.GlobalPreFiltering - Global Pre filtering executed
2026-06-27 00:43:11 [reactor-http-nio-14] INFO  com.plataforma_lc.apiGateway.setups.GlobalPostFiltering - Global Post filtering executed
2026-06-27 00:43:11 [parallel-7] INFO  com.plataforma_lc.apiGateway.setups.GlobalPreFiltering - Global Pre filtering executed
2026-06-27 00:43:11 [parallel-8] INFO  com.plataforma_lc.apiGateway.setups.GlobalPreFiltering - Global Pre filtering executed
2026-06-27 00:43:11 [reactor-http-nio-14] INFO  com.plataforma_lc.apiGateway.setups.GlobalPostFiltering - Global Post filtering executed
2026-06-27 00:43:11 [reactor-http-nio-15] INFO  com.plataforma_lc.apiGateway.setups.GlobalPostFiltering - Global Post filtering executed
2026-06-27 00:43:11 [parallel-9] INFO  com.plataforma_lc.apiGateway.setups.GlobalPreFiltering - Global Pre filtering executed
2026-06-27 00:43:11 [reactor-http-nio-15] INFO  com.plataforma_lc.apiGateway.setups.GlobalPostFiltering - Global Post filtering executed
2026-06-27 00:43:13 [parallel-10] INFO  com.plataforma_lc.apiGateway.setups.GlobalPreFiltering - Global Pre filtering executed
2026-06-27 00:43:13 [reactor-http-nio-3] INFO  com.plataforma_lc.apiGateway.setups.GlobalPostFiltering - Global Post filtering executed
2026-06-27 00:43:13 [parallel-12] INFO  com.plataforma_lc.apiGateway.setups.GlobalPreFiltering - Global Pre filtering executed
2026-06-27 00:43:13 [reactor-http-nio-2] INFO  com.plataforma_lc.apiGateway.setups.GlobalPostFiltering - Global Post filtering executed
2026-06-27 00:43:15 [parallel-13] INFO  com.plataforma_lc.apiGateway.setups.GlobalPreFiltering - Global Pre filtering executed
2026-06-27 00:43:15 [reactor-http-nio-14] INFO  com.plataforma_lc.apiGateway.setups.GlobalPostFiltering - Global Post filtering executed
2026-06-27 00:43:15 [parallel-14] INFO  com.plataforma_lc.apiGateway.setups.GlobalPreFiltering - Global Pre filtering executed
2026-06-27 00:43:15 [reactor-http-nio-14] INFO  com.plataforma_lc.apiGateway.setups.GlobalPostFiltering - Global Post filtering executed
2026-06-27 00:43:15 [parallel-15] INFO  com.plataforma_lc.apiGateway.setups.GlobalPreFiltering - Global Pre filtering executed
2026-06-27 00:43:15 [reactor-http-nio-15] INFO  com.plataforma_lc.apiGateway.setups.GlobalPostFiltering - Global Post filtering executed
2026-06-27 00:43:15 [parallel-16] INFO  com.plataforma_lc.apiGateway.setups.GlobalPreFiltering - Global Pre filtering executed
2026-06-27 00:43:15 [reactor-http-nio-15] INFO  com.plataforma_lc.apiGateway.setups.GlobalPostFiltering - Global Post filtering executed
2026-06-27 00:43:16 [parallel-1] INFO  com.plataforma_lc.apiGateway.setups.GlobalPreFiltering - Global Pre filtering executed
2026-06-27 00:43:16 [parallel-2] INFO  com.plataforma_lc.apiGateway.setups.GlobalPreFiltering - Global Pre filtering executed
2026-06-27 00:43:16 [parallel-1] INFO  com.plataforma_lc.apiGateway.setups.GlobalPreFiltering - Global Pre filtering executed
2026-06-27 00:43:16 [reactor-http-nio-3] INFO  com.plataforma_lc.apiGateway.setups.GlobalPostFiltering - Global Post filtering executed
2026-06-27 00:43:16 [reactor-http-nio-2] INFO  com.plataforma_lc.apiGateway.setups.GlobalPostFiltering - Global Post filtering executed
2026-06-27 00:43:16 [parallel-3] INFO  com.plataforma_lc.apiGateway.setups.GlobalPreFiltering - Global Pre filtering executed
2026-06-27 00:43:16 [parallel-4] INFO  com.plataforma_lc.apiGateway.setups.GlobalPreFiltering - Global Pre filtering executed
2026-06-27 00:43:16 [reactor-http-nio-2] INFO  com.plataforma_lc.apiGateway.setups.GlobalPostFiltering - Global Post filtering executed
2026-06-27 00:43:16 [reactor-http-nio-3] INFO  com.plataforma_lc.apiGateway.setups.GlobalPostFiltering - Global Post filtering executed
2026-06-27 00:43:16 [reactor-http-nio-15] INFO  com.plataforma_lc.apiGateway.setups.GlobalPostFiltering - Global Post filtering executed
2026-06-27 00:43:16 [parallel-5] INFO  com.plataforma_lc.apiGateway.setups.GlobalPreFiltering - Global Pre filtering executed
2026-06-27 00:43:16 [reactor-http-nio-15] INFO  com.plataforma_lc.apiGateway.setups.GlobalPostFiltering - Global Post filtering executed
2026-06-27 00:43:17 [parallel-6] INFO  com.plataforma_lc.apiGateway.setups.GlobalPreFiltering - Global Pre filtering executed
2026-06-27 00:43:17 [reactor-http-nio-14] INFO  com.plataforma_lc.apiGateway.setups.GlobalPostFiltering - Global Post filtering executed
2026-06-27 00:43:17 [parallel-7] INFO  com.plataforma_lc.apiGateway.setups.GlobalPreFiltering - Global Pre filtering executed
2026-06-27 00:43:17 [parallel-8] INFO  com.plataforma_lc.apiGateway.setups.GlobalPreFiltering - Global Pre filtering executed
2026-06-27 00:43:17 [reactor-http-nio-14] INFO  com.plataforma_lc.apiGateway.setups.GlobalPostFiltering - Global Post filtering executed
2026-06-27 00:43:17 [reactor-http-nio-15] INFO  com.plataforma_lc.apiGateway.setups.GlobalPostFiltering - Global Post filtering executed
2026-06-27 00:43:17 [parallel-9] INFO  com.plataforma_lc.apiGateway.setups.GlobalPreFiltering - Global Pre filtering executed
2026-06-27 00:43:17 [reactor-http-nio-15] INFO  com.plataforma_lc.apiGateway.setups.GlobalPostFiltering - Global Post filtering executed
2026-06-27 00:43:18 [parallel-10] INFO  com.plataforma_lc.apiGateway.setups.GlobalPreFiltering - Global Pre filtering executed
2026-06-27 00:43:18 [parallel-11] INFO  com.plataforma_lc.apiGateway.setups.GlobalPreFiltering - Global Pre filtering executed
2026-06-27 00:43:18 [reactor-http-nio-5] INFO  com.plataforma_lc.apiGateway.setups.GlobalPostFiltering - Global Post filtering executed
2026-06-27 00:43:18 [parallel-12] INFO  com.plataforma_lc.apiGateway.setups.GlobalPreFiltering - Global Pre filtering executed
2026-06-27 00:43:18 [reactor-http-nio-5] INFO  com.plataforma_lc.apiGateway.setups.GlobalPostFiltering - Global Post filtering executed
2026-06-27 00:43:18 [reactor-http-nio-15] INFO  com.plataforma_lc.apiGateway.setups.GlobalPostFiltering - Global Post filtering executed
2026-06-27 00:43:18 [parallel-13] INFO  com.plataforma_lc.apiGateway.setups.GlobalPreFiltering - Global Pre filtering executed
2026-06-27 00:43:18 [reactor-http-nio-15] INFO  com.plataforma_lc.apiGateway.setups.GlobalPostFiltering - Global Post filtering executed
2026-06-27 00:43:18 [parallel-14] INFO  com.plataforma_lc.apiGateway.setups.GlobalPreFiltering - Global Pre filtering executed
2026-06-27 00:43:18 [reactor-http-nio-14] INFO  com.plataforma_lc.apiGateway.setups.GlobalPostFiltering - Global Post filtering executed
2026-06-27 00:43:18 [parallel-15] INFO  com.plataforma_lc.apiGateway.setups.GlobalPreFiltering - Global Pre filtering executed
2026-06-27 00:43:18 [parallel-16] INFO  com.plataforma_lc.apiGateway.setups.GlobalPreFiltering - Global Pre filtering executed
2026-06-27 00:43:18 [reactor-http-nio-14] INFO  com.plataforma_lc.apiGateway.setups.GlobalPostFiltering - Global Post filtering executed
2026-06-27 00:43:18 [reactor-http-nio-15] INFO  com.plataforma_lc.apiGateway.setups.GlobalPostFiltering - Global Post filtering executed
2026-06-27 00:43:18 [parallel-1] INFO  com.plataforma_lc.apiGateway.setups.GlobalPreFiltering - Global Pre filtering executed
2026-06-27 00:43:18 [reactor-http-nio-15] INFO  com.plataforma_lc.apiGateway.setups.GlobalPostFiltering - Global Post filtering executed
2026-06-27 00:43:20 [parallel-3] INFO  com.plataforma_lc.apiGateway.setups.GlobalPreFiltering - Global Pre filtering executed
2026-06-27 00:43:20 [reactor-http-nio-14] INFO  com.plataforma_lc.apiGateway.setups.GlobalPostFiltering - Global Post filtering executed
2026-06-27 00:43:20 [parallel-4] INFO  com.plataforma_lc.apiGateway.setups.GlobalPreFiltering - Global Pre filtering executed
2026-06-27 00:43:20 [reactor-http-nio-14] INFO  com.plataforma_lc.apiGateway.setups.GlobalPostFiltering - Global Post filtering executed
2026-06-27 00:43:21 [parallel-5] INFO  com.plataforma_lc.apiGateway.setups.GlobalPreFiltering - Global Pre filtering executed
2026-06-27 00:43:21 [reactor-http-nio-14] INFO  com.plataforma_lc.apiGateway.setups.GlobalPostFiltering - Global Post filtering executed
2026-06-27 00:43:21 [parallel-6] INFO  com.plataforma_lc.apiGateway.setups.GlobalPreFiltering - Global Pre filtering executed
2026-06-27 00:43:21 [reactor-http-nio-14] INFO  com.plataforma_lc.apiGateway.setups.GlobalPostFiltering - Global Post filtering executed
2026-06-27 00:44:05 [AsyncResolver-bootstrap-executor-0] INFO  com.netflix.discovery.shared.resolver.aws.ConfigClusterResolver - Resolving eureka endpoints via configuration
